email,company_name,address,website_url,industry,domain,source,created_at
t-yano@serio-k.co.jp,セリオ建設株式会社,〒540-0012 大阪市中央区谷町1丁目3番27号 大手前建設会館内,https://serio-k.co.jp/company/,工務店・リフォーム,serio-k.co.jp,auto_batch,2025-12-04T00:47:36.738933
info@hr-symphony.co.jp,株式会社　HRシンフォニー,〒533-0033   大阪府大阪市東淀川区東中島1-6-14  新大阪第2日大ビル8F,https://www.hr-symphony.co.jp/about/,,hr-symphony.co.jp,auto_batch,2025-12-04T00:47:59.379461
info@kiki-beauty.com,株式会社kiki,"〒730-0805
広島県広島市中区十日市町2-9-2 JUEIビル7F",http://www.kiki-beauty.com/,美容医療,kiki-beauty.com,auto_batch,2025-12-04T00:49:27.512107
info@ternaj-hd.com,株式会社テルナホールディングス,〒104-0045　東京都中央区築地1-9-11 ムルーエ築地603,https://www.ternaj-hd.com/doctor-support/,美容医療,ternaj-hd.com,auto_batch,2025-12-04T00:49:35.941312
info@suhadalab.com,株式会社スハダ美容研究所,大阪市北区西天満5丁目2番6号,http://suhadalab.com/22/company.html,美容医療,suhadalab.com,auto_batch,2025-12-04T00:49:43.881203
jsprs-office01@shunkosha.com,一般社団法人　日本形成外科学会,〒169-0072 東京都新宿区大久保2丁目4番地12号 新宿ラムダックスビル9階,https://convention.jtbcom.co.jp/jsprs69/abstract/index.html,医療法人,convention.jtbcom.co.jp,auto_batch,2025-12-04T00:50:03.205420
info@focuscapital.co.jp,株式会社フォーカス,,https://www.focuscapital.co.jp/outline/,,focuscapital.co.jp,auto_batch,2025-12-04T00:50:36.887160
ysfudousan@outlook.jp,YS不動産株式会社,〒320-0866 栃木県宇都宮市西大寛2丁目1-17,https://www.ys-fudousan.co.jp/company/,不動産,ys-fudousan.co.jp,auto_batch,2025-12-04T00:50:49.762440
itbinfo@itbfudosan.co.jp,有限会社アイ・ティ・ビー不動産,静岡市駿河区小鹿３００番地の５,http://itbfudosan.co.jp/about/,不動産,itbfudosan.co.jp,auto_batch,2025-12-04T00:51:10.543148
info@s-light.co.jp,株式会社 サンライト,茨城県水戸市城南2-10-6　Gardens水戸302,https://s-light.co.jp/profile,不動産,s-light.co.jp,auto_batch,2025-12-04T00:51:15.218293
info@syataku.co.jp,日本社宅サービス株式会社,,https://www.syataku.co.jp/contact/parking,不動産,syataku.co.jp,auto_batch,2025-12-04T00:51:26.282948
azeg@azplan.co.jp,株式会社アズ企画設計,,https://www.azplan.co.jp/contact/,不動産,azplan.co.jp,auto_batch,2025-12-04T00:51:30.857823
com.s@comscoltd.com,株式会社コムズ,〒063-0005 北海道札幌市西区山の手5条1丁目1番23号,https://www.comscoltd.com/inquiry/,不動産,comscoltd.com,auto_batch,2025-12-04T00:51:45.709173
info@kudou-koumuten.co.jp,株式会社工藤工務店,〒254-0077　神奈川県平塚市東中原1丁目3ー62,https://www.kudou-koumuten.co.jp/co_navi/afeea2bdaf58f88d213c4554439170d4-254.html,工務店・リフォーム,kudou-koumuten.co.jp,auto_batch,2025-12-04T00:52:03.954324
c-kouzi@rehome-plaza.co.jp,ひらいリノベーション株式会社,千葉県市原市姉崎628-12,https://www.rehome-plaza.co.jp/company/,工務店・リフォーム,rehome-plaza.co.jp,auto_batch,2025-12-04T00:52:31.629444
info@safetyhouse.co.jp,株式会社セーフティハウス,〒314-0031 茨城県鹿嶋市宮中5273-4,https://www.safetyhouse.co.jp/about_us/,工務店・リフォーム,safetyhouse.co.jp,auto_batch,2025-12-04T00:52:51.247893
info@ishii-koumuten.co.jp,株式会社 石井工務店,千葉県館山市北条1599番地,https://www.ishii-koumuten.co.jp/about-us/index.html,工務店・リフォーム,ishii-koumuten.co.jp,auto_batch,2025-12-04T00:53:36.856057
info@shuei2006.co.jp,株式会社シュウエイ,横浜市港北区綱島東5丁目10番43号 105,https://www.shuei2006.co.jp/contact.html,工務店・リフォーム,shuei2006.co.jp,auto_batch,2025-12-04T00:54:05.930728
reform@daikou-r.jp,有限会社ダイコウ,神奈川県海老名市国分寺台１丁目１８−３２,https://www.daikou-r.jp/contact,工務店・リフォーム,daikou-r.jp,auto_batch,2025-12-04T00:54:14.680012
info@c2-c.co.jp,C2コンサルタント株式会社,愛知県名古屋市中区錦2-15-10 ESSE錦10F,https://www.c2-c.co.jp/company.html,,c2-c.co.jp,auto_batch,2025-12-04T00:55:44.174154
seven_seas@central-group.co.jp,"セントラルインターナショナル株式会社 （CENTRAL INTERNATIONAL CO.,LTD）",〒332-0006　埼玉県川口市末広1-11-2 セントラルグループ本社ビル,http://www.central-group.co.jp/sevenseas/company/index.html,,central-group.co.jp,auto_batch,2025-12-04T00:55:47.585076
info@tuyuguti-tax.jp,税理士法人パートナーズ関西/株式会社つゆぐち会計事務所,〒594-0066 大阪府和泉市桑原町247番地6,https://www.tuyuguti-tax.jp/office,士業法人,tuyuguti-tax.jp,auto_batch,2025-12-04T00:56:12.779930
info@aozora-tax.com,あおぞら税理士法人,〒616-8217　京都市右京区常盤東ノ町6番地5　SKYﾋﾞﾙ2F,https://www.aozora-tax.com/overview,士業法人,aozora-tax.com,auto_batch,2025-12-04T00:56:16.343729
info@sr-iw.jp,社会保険労務士法人岩下労務管理事務所,"〒376-0023
群馬県桐生市錦町2-1-23",https://sr-iw.jp/office/,士業法人,sr-iw.jp,auto_batch,2025-12-04T00:56:25.418659
headoffice@ajhc.or.jp,一般社団法人 日本医療法人協会,東京都千代田区富士見 2-6-12 AMビル3階,https://ajhc.or.jp/zigyo.html,医療法人,ajhc.or.jp,auto_batch,2025-12-04T05:06:33.083234
info@takitaplaza.jp,医療法人 資恩会,〒479-0836　愛知県常滑市栄町1丁目112番地,https://www.takitaplaza.jp/news/21/,医療法人,takitaplaza.jp,auto_batch,2025-12-04T05:07:47.280080
info@yb-satellite.co.jp,株式会社ユアーズブレーン,,https://www.yb-satellite.co.jp/seminar_application.html,士業法人,yb-satellite.co.jp,auto_batch,2025-12-04T05:08:26.343871
200010-meti-CS@ml.jri.co.jp,株式会社日本総合研究所,東京都品川区,https://www.jri.co.jp/seminar/250616_672/detail/,,jri.co.jp,auto_batch,2025-12-04T05:08:33.826204
info@tax.prime-partners.co.jp,税理士法人プライムパートナーズ,,https://tax.prime-partners.co.jp/%E5%8C%BB%E7%99%82%E6%B3%95%E4%BA%BA%E3%81%AE%E7%9B%B8%E7%B6%9A%E7%A8%8E%E5%AF%BE%E7%AD%96%EF%BD%9C%E8%AA%8D%E5%AE%9A%E5%8C%BB%E7%99%82%E6%B3%95%E4%BA%BA%E5%88%B6%E5%BA%A6%E3%81%AE%E6%89%8B%E7%B6%9A/,士業法人,tax.prime-partners.co.jp,auto_batch,2025-12-04T05:08:45.888984
info@estim.jp,株式会社EST,,https://www.estim.jp/?page_id=170,,estim.jp,auto_batch,2025-12-04T05:10:15.214666
info@e-tomato.jp,株式会社トマトコーポレーション,"〒732-0814
広島市南区段原南2-3-28 AKビル3F",https://web.tomato-corp.co.jp/company,,web.tomato-corp.co.jp,auto_batch,2025-12-04T05:10:21.972045
info@medi-tax.jp,medi-tax株式会社,,https://medi-tax.jp/archives/seminara/online,,medi-tax.jp,auto_batch,2025-12-04T05:10:34.090490
info@saisoncard.co.jp,株式会社クレディセゾン,東京都豊島区東池袋3丁目5番1号,https://www.saisoncard.co.jp/guide/gu014.html,不動産,saisoncard.co.jp,auto_batch,2025-12-04T05:11:13.772789
info@ktcapital.co.jp,株式会社KTキャピタル,"460-0002
愛知県名古屋市中区丸の内1丁目17番2号 
第14KTビル7F",https://ktcapital.co.jp/company/,不動産,ktcapital.co.jp,auto_batch,2025-12-04T05:11:36.277345
info@jre-re.co.jp,JR東日本不動産株式会社,東京都新宿区新宿四丁目1番6号,https://www.jre-re.co.jp/company/,不動産,jre-re.co.jp,auto_batch,2025-12-04T05:11:54.669900
info@is-house.co.jp,株式会社 is HOUSE,〒140-0015　品川区西大井一丁目4-31 West OI １階,https://www.is-house.co.jp/company/,不動産,is-house.co.jp,auto_batch,2025-12-04T05:12:27.363420
sample@nihon-reit.jp,株式会社日本リート,大阪市中央区北久宝寺町4丁目4番2号　本町コラボビル6F,https://www.nihon-reit.jp/contact/,不動産,nihon-reit.jp,auto_batch,2025-12-04T05:12:35.967084
info@costage.jp,湘南コステージ開発株式会社,〒251-0032藤沢市片瀬365番地,https://costage.jp/contact/,不動産,costage.jp,auto_batch,2025-12-04T05:12:45.852945
info@miraie-f.co.jp,未来家不動産株式会社（みらいえふどうさん）,兵庫県加古川市野口町良野603-1 フェリテ・ジョワ101,https://miraie-f.co.jp/contents/3479,不動産,miraie-f.co.jp,auto_batch,2025-12-04T05:12:55.777243
contact@uryu-koumuten.co.jp,株式会社 瓜生工務店,〒297-0002 千葉県茂原市千町2032-66,https://www.uryu-koumuten.co.jp/company,工務店・リフォーム,uryu-koumuten.co.jp,auto_batch,2025-12-04T05:13:31.886363
info@az-info.co.jp,株式会社鶴見装備,,https://www.az-info.co.jp/company/data/,工務店・リフォーム,az-info.co.jp,auto_batch,2025-12-04T05:13:38.478428
info@marukami.co.jp,株式会社　マルカミ装商,〒260-0001 千葉市中央区都町6-21-7,https://www.marukami.co.jp/company/index.html,工務店・リフォーム,marukami.co.jp,auto_batch,2025-12-04T05:14:05.116803
info@shuto.co.jp,首藤工務店有限会社,"〒879-7125
大分県豊後大野市三重町内田3588番地1",http://www.shuto.co.jp/company/index.html,工務店・リフォーム,shuto.co.jp,auto_batch,2025-12-04T05:14:15.480067
nkmrk@blue.ocn.ne.jp,株式会社　中邑工務店,〒939-2302　富山県富山市八尾町杉田147番地,https://nakamurakoumuten.co.jp/company/,工務店・リフォーム,nakamurakoumuten.co.jp,auto_batch,2025-12-04T05:14:18.333965
info@prime-koumuten.co.jp,株式会社プライム工務店,兵庫県神戸市中央区港島中町4丁目27,https://www.prime-koumuten.co.jp/preen.html,工務店・リフォーム,prime-koumuten.co.jp,auto_batch,2025-12-04T05:14:26.175493
info@asahimatex.co.jp,朝日マテックス株式会社,〒564-0042 大阪府吹田市穂波町19-24,https://www.asahimatex.co.jp/about.html,工務店・リフォーム,asahimatex.co.jp,auto_batch,2025-12-04T05:14:31.541572
info@haruka-reform.net,株式会社 遼,〒164-0002 東京都中野区上高田3-21-10 オチアイビル3F,https://haruka-reform.net/contact/,工務店・リフォーム,haruka-reform.net,auto_batch,2025-12-04T05:15:06.666021
info@miharashinosato.jp,社会福祉法人 正心会,〒270-0162 千葉県流山市木462番地4（木B66街区）,https://www.miharashinosato.jp/company/,介護施設,miharashinosato.jp,auto_batch,2025-12-04T05:16:07.698630
info_mc@medical-create.co.jp,"株式会社 メディカルクリエイト　（英文表記名： Medical Create, Inc. ）",〒108-0075　東京都港区港南4丁目1番10号　リバージュ品川1202号室,https://www.medical-create.co.jp/about/,医療法人,medical-create.co.jp,auto_batch,2025-12-04T05:16:35.209546
info@bma2001.co.jp,株式会社ビーエムアドバンス,〒192-0033 東京都八王子市高倉町1番地8,https://www.bma2001.co.jp/sitemap.html,清掃・ビルメンテナンス,bma2001.co.jp,auto_batch,2025-12-04T05:16:49.385073
info@mclj.co.jp,株式会社メディケア・リード・ジャパン,"〒604-0022
京都府京都市中京区御池之町323　ミサワ京都ビル6階",https://mclj.co.jp/company/,医療法人,mclj.co.jp,auto_batch,2025-12-04T05:16:52.094186
maie@officej.co.jp,アイム社会保険労務士法人,"〒160-0022
新宿区新宿1-16-10　コスモス御苑ビル3F",https://www1.officej.co.jp/office/,士業法人,www1.officej.co.jp,auto_batch,2025-12-04T05:17:28.819031
info@orion-office.co.jp,社会保険労務士法人オライオン事務所,"〒640-8138
和歌山県和歌山市藪ノ丁13-8 The Picnic Apartments 201",https://orion-office.co.jp/company/,士業法人,orion-office.co.jp,auto_batch,2025-12-04T05:17:56.984306
info@smtt.co.jp,税理士法人 スマートシンク,東京都新宿区,https://smtt.co.jp/company/,士業法人,smtt.co.jp,auto_batch,2025-12-04T05:18:34.268264
matsuoka@am-office.co.jp,税理士法人 アドバンス,福岡県北九州市小倉北区片野4丁目4番25号,http://am-office.co.jp/company.html,士業法人,am-office.co.jp,auto_batch,2025-12-04T05:18:36.627315
contact@trans-ocean.co.jp,株式会社トランスオーシャン,"〒903-0804
沖縄県那覇市首里石嶺町2丁目265-14　アメニティ首里507",https://trans-ocean.co.jp/about/company/,人材派遣,trans-ocean.co.jp,auto_batch,2025-12-04T05:18:39.959304
info@bit-rise.co.jp,株式会社 ビットライズ,福岡県北九州市小倉北区弁天町5-2 内山南小倉駅前ビル501,https://www.bit-rise.co.jp/company/,,bit-rise.co.jp,auto_batch,2025-12-04T05:18:45.739829
info@hr-aoi-mirai.jp,社会保険労務士法人AOIみらい,,https://hr-aoi-mirai.jp/contact/,士業法人,hr-aoi-mirai.jp,auto_batch,2025-12-04T05:19:22.222151
info@seidosha.co.jp,株式会社　青土社,"編集部　〒101-0051　東京都千代田区神田神保町1-29　市瀬ビル
営業部　〒101-0064　東京都千代田区神田猿楽町2-1-1　浅田ビル",https://www.seidosha.co.jp/gaiyou.html,出版,seidosha.co.jp,auto_batch,2025-12-04T05:19:26.111495
info@bildy.co.jp,ビルディ株式会社,,https://www.bildy.co.jp/company/profile/,,bildy.co.jp,auto_batch,2025-12-04T05:19:32.524428
info@shinkenchiku.co.jp,株式会社新建築社,〒100-6017 東京都千代田区霞が関3-2-5 霞が関ビルディング17階,https://japan-architect.co.jp/company/,,japan-architect.co.jp,auto_batch,2025-12-04T05:19:49.369675
info@topcon.co.jp,株式会社トプコン,,https://www.topcon.co.jp/contact-us/,,topcon.co.jp,auto_batch,2025-12-04T05:20:05.229104
info@hcnet.co.jp,エイチ・シー・ネットワークス株式会社,,https://www.hcnet.co.jp/inquiry/,,hcnet.co.jp,auto_batch,2025-12-04T05:20:17.021528
info@tokiwa-ohmura.co.jp,常盤葬祭有限会社,〒174-0072東京都板橋区南常盤台1-36-8,http://www.tokiwa-ohmura.co.jp/guide,葬祭業,tokiwa-ohmura.co.jp,auto_batch,2025-12-04T05:20:58.368997
info@ctfactory.co.jp,株式会社シーティーファクトリー,〒141-0001 東京都品川区北品川5-4-14 イマス北品川ビル1F,http://ctfactory.co.jp/ja/about/,,ctfactory.co.jp,auto_batch,2025-12-04T05:21:06.207147
info@takahashik.co.jp,株式会社 高橋建材店,〒040-0077 函館市吉川町3番13号,http://www.takahashik.co.jp/inquiry/index.html,工務店・リフォーム,takahashik.co.jp,auto_batch,2025-12-04T05:21:11.548478
info@ebr.co.jp,株式会社EBR,神奈川県横浜市港北区綱島西5-5-11,http://www.ebr.co.jp/company/,,ebr.co.jp,auto_batch,2025-12-04T05:21:13.805739
info@freee.co.jp,フリー株式会社,,https://www.freee.co.jp/kb/kb-launch/corporate-mail-address/,,freee.co.jp,auto_batch,2025-12-04T05:21:19.081239
info@bikebox.co.jp,有限会社バイクボックス,"〒381-0012
長野県長野市柳原2551-19",http://www.bikebox.co.jp/company/,,bikebox.co.jp,auto_batch,2025-12-04T05:21:21.190205
shop@gyokurin-en.co.jp,株式会社玉林園,,http://gyokurin-en.co.jp/%E3%81%8A%E5%95%8F%E3%81%84%E5%90%88%E3%82%8F%E3%81%9B.html,,gyokurin-en.co.jp,auto_batch,2025-12-04T05:22:18.134174
info@tobu.co.jp,東武鉄道株式会社,東京都墨田区押上1-1-2,https://www.tobu.co.jp/railway/customer_center/,鉄道,tobu.co.jp,auto_batch,2025-12-04T05:22:25.931285
info@nihon-kotsu.co.jp,日本交通株式会社,,https://www.nihon-kotsu.co.jp/contact/,,nihon-kotsu.co.jp,auto_batch,2025-12-04T05:22:36.629599
cstmrsprt@jamco.co.jp,株式会社ジャムコ,,https://www.jamco.co.jp/ja/contact.html,,jamco.co.jp,auto_batch,2025-12-04T05:22:48.471425
info@ise.co.jp,ISE 株式会社情報システムエンジニアリング,,https://ise.co.jp/contact/,,ise.co.jp,auto_batch,2025-12-04T05:23:36.139522
info@pma.co.jp,株式会社郵宣協会,〒802-0005　福岡県北九州市小倉北区堺町2丁目1-1,https://www.pma.co.jp/company/,,pma.co.jp,auto_batch,2025-12-04T05:23:40.574425
info@mikihouse.co.jp,株式会社ミキハウス,大阪府大阪市中央区南船場4丁目4-21,https://www.mikihouse.co.jp/pages/corporate-company-index,アパレル,mikihouse.co.jp,auto_batch,2025-12-04T05:23:45.457391
info@rakuten.co.jp,楽天株式会社,東京都世田谷区玉川一丁目14番1号,https://service.rms.rakuten.co.jp/column/detail/30,不動産,service.rms.rakuten.co.jp,auto_batch,2025-12-04T05:25:37.355429
info@assist-all.co.jp,株式会社アシスト,東京都千代田区飯田橋３丁目１１−１３,https://assist-all.co.jp/salon_reserve/column/20250909-8289/,,assist-all.co.jp,auto_batch,2025-12-04T05:25:40.113698
info@furuno.co.jp,古野電気株式会社,,https://www.furuno.co.jp/contact/,,furuno.co.jp,auto_batch,2025-12-04T05:25:47.772623
info@daikin.co.jp,ダイキン工業株式会社,,https://www.daikin.co.jp/contact/business,,daikin.co.jp,auto_batch,2025-12-04T05:25:58.388241
info@ichii-yume.co.jp,株式会社いちい,,https://www.ichii-yume.co.jp/company/contact/,,ichii-yume.co.jp,auto_batch,2025-12-04T05:26:21.558932
info@noe.co.jp,日本音響エンジニアリング株式会社,東京都港区南青山2-2-15,https://www.noe.co.jp/company/com_access.html,空間音響,noe.co.jp,auto_batch,2025-12-04T05:26:46.218414
info@growth-corp.co.jp,株式会社グロウス,〒130-0013 東京都墨田区錦糸3-9-2オンダ錦糸ビル2F,https://www.growth-corp.co.jp/news/?id=1733280708-049510,,growth-corp.co.jp,auto_batch,2025-12-04T05:27:03.157813
info@lo-ence.co.jp,株式会社オーエンス,,https://www.o-ence.co.jp/company/privacy.html,,o-ence.co.jp,auto_batch,2025-12-04T05:27:14.683282
info@aijido.co.jp,株式会社 愛児堂,富山県富山市今泉西部町10-16,http://www.aijido.co.jp/kaisha.html,,aijido.co.jp,auto_batch,2025-12-04T05:27:16.797360
info@m-4.co.jp,株式会社エムフォー,"〒540-0031
大阪府大阪市中央区北浜東2-12
天満八軒家ビル2階",http://www.m-4.co.jp/company,不動産,m-4.co.jp,auto_batch,2025-12-04T05:27:19.234250
info@palpaw.co.jp,株式会社パルポー,〒988-0053　宮城県気仙沼市田中前一丁目5-3,https://palpaw.co.jp/law/,,palpaw.co.jp,auto_batch,2025-12-04T05:27:26.485698
info@insweb.co.jp,インズウェブ株式会社,東京都港区南青山2-2-1,https://www.insweb.co.jp/car/contact-auto,,insweb.co.jp,auto_batch,2025-12-04T05:27:49.986104
info@onecruise.co.jp,株式会社ワンクルーズ,,https://www.onecruise.co.jp/degiodegiko/instagram-contact-sync/,空文字,onecruise.co.jp,auto_batch,2025-12-04T05:28:05.571040
online@gfranco.co.jp,ドクターデヴィアス化粧品株式会社,〒530-0014 大阪府大阪市北区鶴野町1-23　DDC UMEDA2F,https://www.gfranco.co.jp/p/about/terms,,gfranco.co.jp,auto_batch,2025-12-04T05:28:08.847514
info@corestaff.co.jp,コアスタッフ株式会社,〒171-0022 東京都豊島区南池袋1-16-15 ダイヤゲート池袋8F,https://www.corestaff.co.jp/us/contact,,corestaff.co.jp,auto_batch,2025-12-04T05:28:37.782205
info@elionix.co.jp,エリオニクス株式会社,東京都八王子市石川町2950,https://www.elionix.co.jp/english/contact_en,不動産,elionix.co.jp,auto_batch,2025-12-04T05:29:23.449292
info@ev100.co.jp,株式会社EVA,,https://ev100.co.jp/contact/,,ev100.co.jp,auto_batch,2025-12-04T05:29:51.969079
info@e-nexco.co.jp,東日本高速道路株式会社,,https://www.e-nexco.co.jp/contact/contact.html,,e-nexco.co.jp,auto_batch,2025-12-04T05:30:03.279092
info@lion.co.jp,ライオン株式会社,,https://www.lion.co.jp/ja/contact/,,lion.co.jp,auto_batch,2025-12-04T05:30:09.013549
info@secom.co.jp,セコム株式会社,,https://www.secom.co.jp/inquiry/contact.html,防犯,secom.co.jp,auto_batch,2025-12-04T05:30:18.761536
info@,株式会社 はし藤本店,,https://hashitou.co.jp/privacy-policy-2/,,hashitou.co.jp,auto_batch,2025-12-04T05:30:28.949359
info@apapane.co.jp,株式会社アパパネ,東京都杉並区阿佐谷北4-9-13,http://www.apapane.co.jp/%E4%BC%9A%E7%A4%BE%E6%A6%82%E8%A6%81/,,apapane.co.jp,auto_batch,2025-12-04T05:30:37.708716
info@daiwasurvey.co.jp,株式会社 大和測量設計事務所,〒567-0828 大阪府茨木市舟木町6番24号,https://www.daiwasurvey.co.jp/about/,不動産,daiwasurvey.co.jp,auto_batch,2025-12-04T05:30:40.176744
mailto:info@karadahouse.jp,総合卸販売株式会社からだはうす,,http://www.esthe.co.jp/,美容医療,esthe.co.jp,auto_batch,2025-12-04T05:30:42.394981
info@up-stairs.co.jp,株式会社 アップステアーズ,"〒340-0046
埼玉県草加市北谷3-1-46",http://www.up-stairs.co.jp/contact/,,up-stairs.co.jp,auto_batch,2025-12-04T05:30:44.743149
info@rist.co.jp,株式会社Rist,"Kyoto Excel Human Building 7F 830 Hongakujimae-cho, Kawaramachi Nishi-iru, Gojo-dori, Shimogyo-ku, Kyoto 600-8102 Japan",https://www.rist.co.jp/en/about/,,rist.co.jp,auto_batch,2025-12-04T05:31:03.504115
info@tei.co.jp,株式会社TEI,東京都港区芝一丁目5番12号 TOP浜松町ビル7階,https://www.t-e-i.co.jp/about/privacy.html,人材派遣,t-e-i.co.jp,auto_batch,2025-12-04T05:31:26.828108
exmail@shop.rakuten.co.jp,株式会社 シー・モア　（英文名：See More Corp.）,大阪市北区大淀中1-12-10 新梅田ＫＳビル4F,https://www.rakuten.co.jp/exmail/info.html,,rakuten.co.jp,auto_batch,2025-12-04T05:31:51.850467
acmos-sales-support@acmos.jp,アクモス株式会社,東京都千代田区神田小川町三丁目２６－８,https://cloud-srv.acmos.co.jp/company_OLD,ITソリューションサービス,cloud-srv.acmos.co.jp,auto_batch,2025-12-04T05:31:58.591947
info@ishido-glass.co.jp,石堂硝子株式会社,,https://ishido-glass.co.jp/3588667,,ishido-glass.co.jp,auto_batch,2025-12-04T05:32:06.203925
info@barracuda.co.jp,バラクーダネットワークス株式会社,,https://www.barracuda.co.jp/products/email-protection/security-awareness-training/,,barracuda.co.jp,auto_batch,2025-12-04T05:32:08.608163
concierge@de-denkosha.co.jp,一般社団法人 日本ゼロトラスト・セキュリティ推進機構,〒105-0014　東京都港区芝2-10-4,https://de-denkosha.co.jp/jzts/,,de-denkosha.co.jp,auto_batch,2025-12-04T05:32:16.002811
keiei@eguchikeieicenter.co.jp,株式会社　江口経営センター,新潟県長岡市宮原3丁目12-16,https://www.eguchikeieicenter.co.jp/index-page_id=11.html,士業法人,eguchikeieicenter.co.jp,auto_batch,2025-12-04T05:32:18.569971
register@extra.co.jp,有限会社エクストラ,,https://www.extra.co.jp/registration/registration/,,extra.co.jp,auto_batch,2025-12-04T05:32:29.443588
info@alcon.co.jp,アルコン株式会社,東京都港区赤坂1-11-44 赤坂インターシティ,https://www.alcon.co.jp/contact-us,,alcon.co.jp,auto_batch,2025-12-04T05:32:33.833423
info@msd.co.jp,MSD株式会社,,https://www.msd.co.jp/contact/,,msd.co.jp,auto_batch,2025-12-04T05:33:57.438056
info@corona.co.jp,株式会社コロナ,,https://www.corona.co.jp/support/inquiry/,,corona.co.jp,auto_batch,2025-12-04T05:33:59.442463
info@miwalaser.co.jp,株式会社 ミワレーザー,〒480-0105　 愛知県丹羽郡扶桑町大字南山名字名護根6番地1,https://www.miwalaser.co.jp/company/,,miwalaser.co.jp,auto_batch,2025-12-04T05:34:04.742241
info@tsubasa-tax.co.jp,株式会社つばさ会計事務所,〒102-0071 東京都千代田区富士見2-10-2 飯田橋グラン・ブルーム 5F,http://www.tsubasa-tax.co.jp/info/,士業法人,tsubasa-tax.co.jp,auto_batch,2025-12-04T05:34:13.147553
info@trusshousing.co.jp,有限会社トラスハウジング,〒125-0062 東京都葛飾区青戸３丁目37番11号,https://www.trusshousing.co.jp/company/,不動産,trusshousing.co.jp,auto_batch,2025-12-04T05:34:16.297765
info@salesjapan.co.jp,株式会社セールスジャパン,東京都新宿区西新宿1-9-65,http://www.salesjapan.co.jp/company/,,salesjapan.co.jp,auto_batch,2025-12-04T05:34:18.606015
info@trusttime.co.jp,株式会社トラストタイム,〒110-0016 東京都台東区台東2-4-3 前島ビル2F,http://www.trusttime.co.jp/sp/company/,,trusttime.co.jp,auto_batch,2025-12-04T05:34:21.116588
info@espace-j.co.jp,株式会社エスパース・ジャパン,東京都豊島区東池袋3-8-5 パレドール池袋204,http://www.espace-j.co.jp/type_d.php,,espace-j.co.jp,auto_batch,2025-12-04T05:34:23.549164
info@ud-sekkei.co.jp,株式会社 UD設計,大阪府大阪市中央区農人橋1-4-31　AXIS谷町ビル502号室,http://www.ud-sekkei.co.jp/about/,工務店・リフォーム,ud-sekkei.co.jp,auto_batch,2025-12-04T05:34:26.176519
info@sumimoto-art.co.jp,株式会社住本アート,兵庫県姫路市飾磨区蓼野町51,https://www.sumimoto-art.co.jp/sale_jiku.html,,sumimoto-art.co.jp,auto_batch,2025-12-04T05:34:28.734328
info@ee8n.co.jp,株式会社EE8N,,https://ee8n.co.jp/?page_id=17,,ee8n.co.jp,auto_batch,2025-12-04T05:34:31.693409
info@hanajima.co.jp,花島株式会社,東京都足立区花畑4-15-18,http://www.hanajima.co.jp/01.html,,hanajima.co.jp,auto_batch,2025-12-04T05:34:33.625634
info@kousien.co.jp,株式会社光栄,530-0001 大阪府大阪市北区梅田1-2-2,http://www.kousien.co.jp/class/,,kousien.co.jp,auto_batch,2025-12-04T05:34:39.294912
info@hi-presents.co.jp,エイチアイ-プレゼンツ株式会社,〒115-0055 東京都北区赤羽西1-36-14 801,https://www.hi-presents.co.jp/,,hi-presents.co.jp,auto_batch,2025-12-04T05:34:41.928201
info@real-home.co.jp,株式会社リアルホーム,奈良県奈良市大安寺町148-4,http://www.real-home.co.jp/personalinfo.html,,real-home.co.jp,auto_batch,2025-12-04T05:34:44.803801
info@aipa.or.jp,AIPA株式会社,,https://aipa.or.jp/company/companyoutline-2/,,aipa.or.jp,auto_batch,2025-12-04T05:35:23.634557
info@kc-s.or.jp,特定非営利活動法人 消費者支援機構関西,〒540-0024　大阪市中央区南新町一丁目2番4号　椿本ビル5階502号室,https://www.kc-s.or.jp/archives/10001331,空文字,kc-s.or.jp,auto_batch,2025-12-04T05:37:15.702185
smile@ori-group.co.jp,オリジナルサポート株式会社,〒921-8145 石川県金沢市額谷3-96,https://sm-group.or.jp/company/,介護施設,sm-group.or.jp,auto_batch,2025-12-04T05:37:26.174333
info@nissenren-aomori.or.jp,株式会社 日専連ホールディングス,〒030-0861 青森市長島二丁目18番6号,https://www.nissenren-aomori.or.jp/card/reinmeer_card.html,,nissenren-aomori.or.jp,auto_batch,2025-12-04T05:39:03.909067
gyoumu@keirin-autorace.or.jp,一般社団法人日本競輪選手会,,https://www.keirin-autorace.or.jp/news/2018/20181130.html,,keirin-autorace.or.jp,auto_batch,2025-12-04T05:39:05.962385
info@tougeiryouhoushi.or.jp,一般社団法人 日本陶芸療法士協会,〒479-0835 愛知県常滑市陶郷町4丁目181番地,http://tougeiryouhoushi.or.jp/infomation.html,,tougeiryouhoushi.or.jp,auto_batch,2025-12-04T05:40:22.339104
office@jiet.or.jp,NPO法人JIET 特定非営利活動法人 日本情報技術取引所,〒141-0031 東京都品川区西五反田２丁目１２番３号　第一誠実ビル ６階,https://www.jiet.or.jp/about/access.html,,jiet.or.jp,auto_batch,2025-12-04T05:40:33.793896
takken@niigata-takken.or.jp,一般社団法人新潟県宅建サポートセンター,"〒950-0084
新潟市中央区明石1-3-10 新潟県宅建会館内",https://niigata-takken.or.jp/support/company/,不動産,niigata-takken.or.jp,auto_batch,2025-12-04T05:40:39.948958
info@coder.co.jp,コーダ電子株式会社,東京都西東京市田無3-10-14,https://www.coder.co.jp/contact/index.html,,coder.co.jp,auto_batch,2025-12-04T05:41:06.465450
pesco_info@pesco.co.jp,株式会社ペスコ,〒105-0021　東京都港区東新橋2-5-12 第一粕谷ビル7F,https://www.pesco.co.jp/09_contact.html,,pesco.co.jp,auto_batch,2025-12-04T05:41:11.975195
info@kirin.co.jp,キリン株式会社,〒164­-0001　東京都中野区中野四丁目10番2号　中野セントラルパークサウス,https://www.kirin.co.jp/customer/contact/,飲料,kirin.co.jp,auto_batch,2025-12-04T05:42:58.861947
info@pfizer.co.jp,ファイザー株式会社,,https://www.pfizer.co.jp/pfizer/contact,医療法人,pfizer.co.jp,auto_batch,2025-12-04T05:43:03.452754
shiken@dekyo.or.jp,一般財団法人 日本データ通信協会,〒170-8585 東京都豊島区巣鴨2丁目11番1号 ホウライ巣鴨ビル6階,https://www.dekyo.or.jp/shiken/contact,,dekyo.or.jp,auto_batch,2025-12-04T05:43:35.650157
info@bandainamcoent.co.jp,バンダイナムコエンターテインメント株式会社,,https://bnfaq.channel.or.jp/inquiry/2743,,bnfaq.channel.or.jp,auto_batch,2025-12-04T05:43:42.165219
info@shionogi.co.jp,塩野義製薬株式会社,大阪府大阪市中央区道修町4丁目1番1号,https://www.shionogi.co.jp/information/index.html,医療法人,shionogi.co.jp,auto_batch,2025-12-04T05:43:47.424440
info@hiday.co.jp,株式会社 ハイデイ日高,,https://hidakaya.hiday.co.jp/hits/ja/other/otoiawase.html,,hidakaya.hiday.co.jp,auto_batch,2025-12-04T05:43:59.466564
soumu@yukaze-biomedical.co.jp,由風BIOメディカル株式会社,,https://yukaze-biomedical.co.jp/tag/product/,,yukaze-biomedical.co.jp,auto_batch,2025-12-04T05:44:30.956857
info@nttdocomo.co.jp,株式会社NTTドコモ,,https://www.nttdocomo.co.jp/service/docomo_mail_portability/,,nttdocomo.co.jp,auto_batch,2025-12-04T05:44:38.149192
sales@tscloud.work,株式会社TSクラウド,長野県上田市中央2-10-15 千曲錦ビル,https://googleworkspace.tscloud.co.jp/article/email-address,,googleworkspace.tscloud.co.jp,auto_batch,2025-12-04T05:44:59.116663
sh.info-kte-it@global.kawasaki.com,川重冷熱工業株式会社,,https://www.khi.co.jp/corp/kte/news/2024/news20240312/,,khi.co.jp,auto_batch,2025-12-04T05:45:01.180779
info@jcb.co.jp,株式会社ジェーシービー,,https://j-faq.jcb.co.jp/category/show/151?site_domain=default,,j-faq.jcb.co.jp,auto_batch,2025-12-04T05:46:12.520229
corporate_pension@orix.jp,オリックス株式会社,,https://www.orix.co.jp/grp/business/contact.html,,orix.co.jp,auto_batch,2025-12-04T05:47:15.657552
info@kagu-watanabe.com,株式会社 ワタナベ製作所,〒343-0802　埼玉県越谷市小曽川857,https://www.kagu-watanabe.com/profile.html,,kagu-watanabe.com,auto_batch,2025-12-04T05:47:25.049042
info@jys.bz,株式会社JYS,〒340-0002 埼玉県草加市青柳7丁目6番12号,https://www.jys.bz/about/,,jys.bz,auto_batch,2025-12-04T05:47:27.506650
info@iharabuild.com,株式会社イハラ建設,神奈川県横浜市港北区新羽町12-16,https://ihara-build.com/company/index.html,工務店・リフォーム,ihara-build.com,auto_batch,2025-12-04T05:47:29.603675
info@cuepointgroup.com,株式会社 CUE POINT,渋谷区東3-16-1 ベルザ恵比寿2階,https://cuepointgroup.com/about/company.html,,cuepointgroup.com,auto_batch,2025-12-04T05:47:43.617214
info@takagi-house.co.jp,株式会社髙木不動産,埼玉県和光市新倉1-11-17サンタマルタ和光1F,https://www.takagi-house.co.jp/,不動産,takagi-house.co.jp,auto_batch,2025-12-04T05:47:52.916619
info@santei-db.co.jp,株式会社 三定物流,〒515-0031　三重県松阪市大津町戸ノ本811番地の1,http://www.santei-db.co.jp/company/,物流,santei-db.co.jp,auto_batch,2025-12-04T05:47:55.423894
info@wwg.co.jp,株式会社WWG,,https://wwg.co.jp/company,,wwg.co.jp,auto_batch,2025-12-04T05:47:58.160397
info@n-king.co.jp,日本キングサービス株式会社,〒150-0043 東京都渋谷区道玄坂1-20-2　アライアンスビル渋谷壱番館3階,https://www.n-king.co.jp/company/,清掃、ビルメンテナンス,n-king.co.jp,auto_batch,2025-12-04T05:48:01.226741
info@kawasoku.co.jp,株式会社川口測量設計,〒400-0503 山梨県南巨摩郡富士川町天神中條696-2,https://www.kawasoku.co.jp/company,不動産,kawasoku.co.jp,auto_batch,2025-12-04T05:48:04.117769
info@sakuracircus.co.jp,SAKURA PRODUCTION株式会社,大阪府堺市堺区大東町2-2-22,https://www.sakuracircus.co.jp/aboutus,,sakuracircus.co.jp,auto_batch,2025-12-04T05:48:10.901582
info@musclebrain.co.jp,株式会社マッスルブレイン＆カンパニー,〒567-0883　大阪府茨木市大手町1-26　アンフィニィ・大手町5F,http://www.musclebrain.co.jp/corporate/,,musclebrain.co.jp,auto_batch,2025-12-04T05:48:13.868591
info@cec-ltd.co.jp,株式会社シーイーシー,〒150-0022　東京都渋谷区恵比寿南1-5-5 JR恵比寿ビル,https://www.cec-ltd.co.jp/corporate/outline.html,,cec-ltd.co.jp,auto_batch,2025-12-04T05:48:37.169925
info@qtes.co.jp,株式会社 東京エネシス,〒103-0025 東京都中央区日本橋茅場町一丁目3番1号,https://www.qtes.co.jp/company/outline/,不動産,qtes.co.jp,auto_batch,2025-12-04T05:48:58.992732
info@kinoe.co.jp,有限会社き乃ゑ,〒605-0812　京都府京都市東山区東大路通松原上ル4丁目毘沙門町44-8,https://www.kinoe.co.jp/about.html,,kinoe.co.jp,auto_batch,2025-12-04T05:49:17.850472
info@kyuden.co.jp,九州電力送配電株式会社,,https://www.kyuden.co.jp/td/renewable-energy/purchase/business.html,不動産,kyuden.co.jp,auto_batch,2025-12-04T05:50:41.515164
jiko-renraku@jio-kensa.com,株式会社 日本住宅保証検査機構,〒136-0071 江東区亀戸 1-14-4 第二萬富ビル,https://www.jio-kensa.co.jp/member/claim/index.html,不動産,jio-kensa.co.jp,auto_batch,2025-12-04T05:50:49.559545
contact-hcr@kjrm.co.jp,株式会社ＫＪＲＭホールディングス,,https://www.kjrm.co.jp/inquiry/,不動産,kjrm.co.jp,auto_batch,2025-12-04T05:50:53.921653
order@isco-olive.com,株式会社　イスコ,"〒214-0013
神奈川県 川崎市多摩区登戸新町 439",http://www.isco-web.co.jp/food/kiyaku.html,,isco-web.co.jp,auto_batch,2025-12-04T05:51:02.432975
info@ayatori.co.jp,株式会社あやとり,〒430-0942 静岡県浜松市中央区元浜町34番地の15 シャイニースクエア浜松303,https://ayatori.co.jp/law/,,ayatori.co.jp,auto_batch,2025-12-04T05:51:22.378555
office@taguchi-dk.co.jp,株式会社田口電機工業,841-0201 福岡県大野城市下大利399,http://www.taguchi-dk.co.jp/law.html,,taguchi-dk.co.jp,auto_batch,2025-12-04T05:51:32.049286
info@helenkaminski.co.jp,ヘレンカミンスキー株式会社,,https://www.helenkaminski.co.jp/contents/transactions.php,,helenkaminski.co.jp,auto_batch,2025-12-04T05:51:36.790269
toiawase@yuhikaku.co.jp,株式会社有斐閣,東京都千代田区神田神保町２－１７,https://www.yuhikaku.co.jp/static/shotorihiki.html,,yuhikaku.co.jp,auto_batch,2025-12-04T05:51:45.654347
info@jesc.co.jp,株式会社ジェス,"〒134-0086
東京都江戸川区臨海町３丁目６番４号　ヒューリック葛西臨海ビル6階",https://www.jesc.co.jp/company/tradelaw.html,,jesc.co.jp,auto_batch,2025-12-04T05:51:48.173813
global@globalwine.co.jp,株式会社グローバル,〒550-0005　大阪府大阪市西区西本町1-5-3 扶桑ビル2F,https://www.globalwine.co.jp/shop/pages/legalinfo.aspx,,globalwine.co.jp,auto_batch,2025-12-04T05:51:54.067956
info@bookoffonline.jp,ブックオフコーポレーション株式会社,神奈川県相模原市南区古淵2-14-20,https://shopping.bookoff.co.jp/policies/regulatory-disclosure,,shopping.bookoff.co.jp,auto_batch,2025-12-04T05:51:57.551755
info@bento-shiki.co.jp,株式会社フルマークG,〒134-0081 東京都江戸川区北葛西 5-7-1,https://www.bento-shiki.co.jp/shopping/?mca=1289035674-123456&ca=1392863384-133332,,bento-shiki.co.jp,auto_batch,2025-12-04T05:52:03.043130
contact@medical-terrace.co.jp,メディカルテラス株式会社,〒561-0801 大阪府豊中市曽根西町4丁目5-3-1,https://medical-terrace.co.jp/,医療法人,medical-terrace.co.jp,auto_batch,2025-12-04T05:52:44.262446
info@yamayo-syoji.co.jp,株式会社やまよ商事,千葉県千葉市中央区中央港2-3-12,https://www.yamayo-syoji.co.jp/case/,,yamayo-syoji.co.jp,auto_batch,2025-12-04T05:52:46.694679
info@nakajima-nso.co.jp,株式会社　中島製作所,大阪府大阪市生野区巽南2丁目4番13号,https://www.nakajima-nso.co.jp/about/,,nakajima-nso.co.jp,auto_batch,2025-12-04T05:52:49.657212
info@k-ld.co.jp,KLD株式会社,〒537-0025　大阪市東成区中道3-13-23　大阪靴下会館2F,http://www.k-ld.co.jp/company.html,空文字,k-ld.co.jp,auto_batch,2025-12-04T05:52:55.712523
info@vallauris.co.jp,有限会社　ヴァラリス商会,〒106-0031　東京都港区西麻布3-17-40 パレス西麻布,http://www.vallauris.co.jp/company/,園芸用品の輸入・販売,vallauris.co.jp,auto_batch,2025-12-04T05:52:59.201262
info@fet.co.jp,株式会社極東精機,〒458-0801 愛知県名古屋市緑区鳴海町下汐田202番地-1,https://fet.co.jp/policy/,,fet.co.jp,auto_batch,2025-12-04T05:53:02.472461
contact@cscltd.co.jp,株式会社シーエスシー,,http://www.cscltd.co.jp/contact/,,cscltd.co.jp,auto_batch,2025-12-04T05:53:10.996194
info@kke.co.jp,KKE株式会社,,https://sendgrid.kke.co.jp/blog/?p=11941,,sendgrid.kke.co.jp,auto_batch,2025-12-04T05:53:16.004638
contact@proteras.co.jp,株式会社プロテラス,"赤坂4-13-13 赤坂ビル4F, 港区, 東京都, 107-0052, JP",https://www.proteras.co.jp/about/,,proteras.co.jp,auto_batch,2025-12-04T05:53:19.136565
main-e@eishin-f.co.jp,株式会社 栄信不動産,〒812-0016福岡県福岡市博多区博多駅南１丁目3-8博多パールビル ８階,https://m.eishin-f.co.jp/company/,不動産,m.eishin-f.co.jp,auto_batch,2025-12-04T05:53:23.214717
support@seibu-support.co.jp,株式会社セイブサポート,東京都台東区東上野1丁目19番14号　髙橋ビル2階,https://www.seibu-support.co.jp/company/index.html,金融および隣接するサービス業,seibu-support.co.jp,auto_batch,2025-12-04T05:53:32.931133
suzuco@suzuco.co.jp,鈴木興業 株式会社,〒211-0025 川崎市中原区木月１－２３－１,https://www.suzuco.co.jp/company.html,不動産,suzuco.co.jp,auto_batch,2025-12-04T05:53:35.762576
info@insource.co.jp,株式会社インソース,,https://www.insource.co.jp/webins/faq/question_webinsource-faq-57a.html,士業法人,insource.co.jp,auto_batch,2025-12-04T05:53:38.347230
info@aproz.co.jp,株式会社アプロス,〒116-0011 東京都荒川区西尾久7-59-1,https://shop.aproz.co.jp/pages/company,,shop.aproz.co.jp,auto_batch,2025-12-04T05:53:41.759997
info@amuse.co.jp,株式会社 アミューズ,,https://www.amuse.co.jp/ir/mail/,,amuse.co.jp,auto_batch,2025-12-04T05:56:34.124623
zjc_webcontact@jp.ricoh.com,リコーITソリューションズ株式会社,〒224-0035　神奈川県横浜市都筑区新栄町16-1,https://www.jrits.co.jp/about/access/,,jrits.co.jp,auto_batch,2025-12-04T05:57:43.854237
info@kaisei-elec.co.jp,カイセイ電子株式会社,〒400-0115 山梨県甲斐市篠原1893,https://www.kaisei-elec.co.jp/contact.html,,kaisei-elec.co.jp,auto_batch,2025-12-04T05:57:54.503521
hiroyuki.kamiyabu@inaba.co.jp,因幡電機産業株式会社,大阪府大阪市西区立売堀4-11-14,http://www.sharp.co.jp/business/pci/shop/detail_kinki.html,介護施設,sharp.co.jp,auto_batch,2025-12-04T05:57:57.412059
info@akami-works.co.jp,株式会社 赤見製作所,,https://www.akami-works.co.jp/company/award.html,,akami-works.co.jp,auto_batch,2025-12-04T05:58:06.616549
info@areyou.co.jp,株式会社アーユー不動産,"〒330-0801
埼玉県さいたま市大宮区土手町２丁目1-1-205",https://www.areyou.co.jp/company/,不動産,areyou.co.jp,auto_batch,2025-12-05T02:02:12.029750
info@miraizu-f.co.jp,ミライズ不動産株式会社,"〒634-0072
奈良県橿原市醍醐町341-1",https://www.miraizu-f.co.jp/company,不動産,miraizu-f.co.jp,auto_batch,2025-12-05T02:02:26.864738
infokam@kanden-am.co.jp,関電アセットマネジメント株式会社,"〒104-0031
東京都中央区京橋一丁目十一番一号 関電不動産八重洲ビル二階",https://www.kanden-am.co.jp/%E4%BC%81%E6%A5%AD%E6%83%85%E5%A0%B1/%E4%BC%9A%E7%A4%BE%E6%A6%82%E8%A6%81.html,,kanden-am.co.jp,auto_batch,2025-12-05T02:02:55.321806
info.re@reiwa5.co.jp,株式会社REIWA,〒189-0001 東京都東村山市秋津町３丁目12-84,https://reiwa5.co.jp/company/,不動産,reiwa5.co.jp,auto_batch,2025-12-05T02:03:13.369282
info@niwahiko.jp,株式会社庭彦,静岡県沼津市,https://www.niwahiko.jp/contact/,不動産,niwahiko.jp,auto_batch,2025-12-05T02:03:49.033879
info@ban.co.jp,株式会社 伴工務店,〒441-3211 愛知県豊橋市伊古部町字北椎ノ木谷312,https://www.ban.co.jp/company/,工務店・リフォーム,ban.co.jp,auto_batch,2025-12-05T02:04:48.209205
mail@dai1-k.co.jp,株式会社 第一工務店,〒399-0005 長野県松本市野溝木工1-10-13,https://dai1-k.co.jp/company/,工務店・リフォーム,dai1-k.co.jp,auto_batch,2025-12-05T02:04:55.288760
info@sanwa-yokohama.co.jp,株式会社三和屋,神奈川県横浜市港北区新横浜2-17-1-1007,https://www.sanwa-yokohama.co.jp/company.html,工務店・リフォーム,sanwa-yokohama.co.jp,auto_batch,2025-12-05T02:05:12.491093
info@reformshopmotom.co.jp,株式会社もとむ,〒285-0837 千葉県佐倉市王子台1-14-12,https://www.reformshopmotom.co.jp/company,工務店・リフォーム,reformshopmotom.co.jp,auto_batch,2025-12-05T02:05:36.982884
office@zaiso-house.co.jp,株式会社ザイソウハウス,"〒460-0024 名古屋市中区正木三丁目1番8号　　 （本社）
〒454-0026　愛知県名古屋市中川区笈瀬町1-50　（家具製作工場（木工部））",https://www.zaiso-house.co.jp/company/outline.html,工務店・リフォーム,zaiso-house.co.jp,auto_batch,2025-12-05T02:05:49.015141
info@mainmark.co.jp,メインマーク株式会社,東京都江戸川区西葛西5-2-3 NEXTAGE西葛西ビル7F,https://mainmark.co.jp/company/profile,工務店・リフォーム,mainmark.co.jp,auto_batch,2025-12-05T02:05:52.790476
info@sanshin-e.co.jp,株式会社　三信工務店,"京都市上京区日暮通丸太町下ル
南伊勢屋町760番地 三信ビル2F",https://sanshin-e.co.jp/company/company.html,工務店・リフォーム,sanshin-e.co.jp,auto_batch,2025-12-05T02:06:03.582409
muratetaro@murate.com,株式会社ムラテ,愛知県名古屋市453-0861 1-51,https://www.murate.com/contact_1.html,工務店・リフォーム,murate.com,auto_batch,2025-12-05T02:06:16.009685
info2@reform-kubota.com,株式会社 クボタ,静岡県富士市本市場31番地8,http://reform-kubota.com/contact/FNO1/,工務店・リフォーム,reform-kubota.com,auto_batch,2025-12-05T02:06:24.809575
info@f-scrow.com,エスクロー株式会社,〒857-0142 長崎県佐世保市野中町406-3,https://www.f-scrow.com/contact/,工務店・リフォーム,f-scrow.com,auto_batch,2025-12-05T02:06:45.544039
info@izumituu.co.jp,和泉通信工業株式会社,〒270-2251　千葉県松戸市金ケ作113-1,http://www.izumituu.co.jp/company/,電気通信工事業,izumituu.co.jp,auto_batch,2025-12-05T02:08:18.866165
info@good-sing.co.jp,新求株式会社,〒262-0012 千葉県千葉市花見川区千種町91-2,https://good-sing.co.jp/%E5%8F%96%E5%BC%95%E6%A5%AD%E7%A8%AE/,,good-sing.co.jp,auto_batch,2025-12-05T02:08:30.083629
info@ks-security.co.jp,共和サービス警備保障株式会社,〒243-0004　神奈川県厚木市水引1-2-15　共和ビル,https://ks-security.co.jp/about_us,士業法人,ks-security.co.jp,auto_batch,2025-12-05T02:08:33.927338
info@sr-tanakaoffice.com,社会保険労務士法人 田中事務所,"〒465-0087
愛知県名古屋市名東区名東本通2-32星ヶ丘イーストビル2階A号室",https://www.sr-tanakaoffice.com/office/,士業法人,sr-tanakaoffice.com,auto_batch,2025-12-05T02:09:36.199262
office@hiroseac.co.jp,税理士法人広瀬グループ,〒604-0846　京都市中京区両替町通押小路上る金吹町465番地,https://www.hiroseac.co.jp/policies/,士業法人,hiroseac.co.jp,auto_batch,2025-12-05T02:10:55.629640
info@takahashi-cpa.co.jp,税理士法人 高橋会計事務所,大阪市北区天神橋2丁目北2番6号 大和南森町ビル6階,https://takahashi-cpa.co.jp/about/privacy-policy.shtml,士業法人,takahashi-cpa.co.jp,auto_batch,2025-12-05T02:11:03.848545
info@kuon-gp.com,クオン社会保険労務士法人,,https://www.kuon-gp.com/contact/,士業法人,kuon-gp.com,auto_batch,2025-12-05T02:11:39.925759
info@metlife.co.jp,メットライフ生命保険株式会社,,https://www.metlife.co.jp/about/corporate/outline/,保険,metlife.co.jp,auto_batch,2025-12-05T02:12:04.807265
contact-japan@ambu.com,アンブ株式会社,〒102-0076 東京都千代田区五番町1-9 MG市ヶ谷ビルディング11階,https://www.ambu.co.jp/%E9%80%A3%E7%B5%A1%E5%85%88-1,,ambu.co.jp,auto_batch,2025-12-05T02:12:10.535001
info@nexway.co.jp,株式会社ネクスウェイ,,https://www.nexway.co.jp/inquiries/,,nexway.co.jp,auto_batch,2025-12-05T02:12:51.205827
info@ogk.co.jp,OGK技研株式会社,,https://ogk.co.jp/contact,,ogk.co.jp,auto_batch,2025-12-05T02:13:01.201549
info@kojak.co.jp,江若交通株式会社,〒520-0232 滋賀県大津市真野1丁目1番62号 江若交通ビル6階,https://www.kojak.co.jp/contact/,不動産,kojak.co.jp,auto_batch,2025-12-05T02:13:05.527827
info@witc.co.jp,株式会社ワールドインテック,,https://www.witc.co.jp/about/profile/,,witc.co.jp,auto_batch,2025-12-05T02:13:40.813274
info@matsuhashi-ss.co.jp,有限会社松橋製作所,神奈川県川崎市幸区小倉2－1－22,http://www.matsuhashi-ss.co.jp/company/,金属加工業,matsuhashi-ss.co.jp,auto_batch,2025-12-05T02:13:52.274800
info@relife-re.co.jp,株式会社リライフ,京都府京都市南区上鳥羽南花名町38-1,https://relife-re.co.jp/contact/,不動産,relife-re.co.jp,auto_batch,2025-12-05T02:15:16.405569
info@firststep2023.co.jp,株式会社First Step,,https://firststep2023.co.jp/contact/,,firststep2023.co.jp,auto_batch,2025-12-05T02:15:26.296358
info@sumitomo-chem.co.jp,住友化学株式会社,,https://www.sumitomo-chem.co.jp/contact/,,sumitomo-chem.co.jp,auto_batch,2025-12-05T02:15:36.255903
info@kansai-airports.co.jp,関西エアポート株式会社,,https://www.kansai-airports.co.jp/inquiry/,,kansai-airports.co.jp,auto_batch,2025-12-05T02:15:52.247306
info@intage.co.jp,株式会社インテージ,,https://www.intage.co.jp/contact/,,intage.co.jp,auto_batch,2025-12-05T02:17:26.651852
privacy_info@cross-c.co.jp,株式会社クロス・コミュニケーション,東京都千代田区五番町6−1 AKビルディング 3F,https://www.cross-c.co.jp/about/privacy/,,cross-c.co.jp,auto_batch,2025-12-05T02:18:16.784141
info@tdb.co.jp,株式会社 帝国データバンク,,https://www.tdb.co.jp/contact/faq/?category=0&freeword=%E9%80%A3%E7%B5%A1%E5%85%88%E6%8B%85%E5%BD%93%E8%80%85%E3%82%84%E3%83%A1%E3%83%BC%E3%83%AB%E3%82%A2%E3%83%89%E3%83%AC%E3%82%B9%E3%82%92%E5%A4%89%E6%9B%B4%E3%81%99%E3%82%8B%E3%81%AB%E3%81%AF%EF%BC%9F,,tdb.co.jp,auto_batch,2025-12-05T02:18:21.353180
cs@osasi.co.jp,株式会社オサシ・テクノス,,https://www.osasi.co.jp/corporate/policy.html,,osasi.co.jp,auto_batch,2025-12-05T02:18:26.589294
ksc-soumu@kioxia.com,キオクシアシステムズ株式会社,〒247-8585　神奈川県横浜市栄区笠間2-5-1 STEビル内,https://www.kioxia-systems.co.jp/inquiry/index.html,,kioxia-systems.co.jp,auto_batch,2025-12-05T02:18:47.778975
support@paypay-bank.co.jp,PayPay銀行株式会社,,https://www.paypay-bank.co.jp/support/customer.html,金融,paypay-bank.co.jp,auto_batch,2025-12-05T02:18:50.648904
info@fujielectric.co.jp,富士電機株式会社,,https://www.fujielectric.co.jp/contact/index.html,,fujielectric.co.jp,auto_batch,2025-12-05T02:20:16.106224
info@copernics.co.jp,コペル電子株式会社,,https://www.copernics.co.jp/annai/link/,,copernics.co.jp,auto_batch,2025-12-05T02:20:18.425212
info@tabuchi.co.jp,株式会社タブチ,,https://www.tabuchi.co.jp/support/contact/,,tabuchi.co.jp,auto_batch,2025-12-05T02:20:23.154611
ryokyaku@taiheiyo-f.jp,太平洋フェリー株式会社,愛知県名古屋市中村区名駅4-24-8,https://www.taiheiyo-ferry.co.jp/inquiry/,,taiheiyo-ferry.co.jp,auto_batch,2025-12-05T02:20:41.422178
info@ivory-beads.co.jp,株式会社 アイボリービーズ,"〒151-0051
東京都渋谷区千駄ヶ谷3-24-4 タケウチビル B1F",http://www.ivory-beads.co.jp/company/,アパレル,ivory-beads.co.jp,auto_batch,2025-12-05T02:21:32.512042
info@eci-eci.co.jp,株式会社ECI,〒812-0013 福岡県福岡市博多区博多駅前1丁目11-5 アサコ博多ビル6F,http://www.eci-eci.co.jp/company/,,eci-eci.co.jp,auto_batch,2025-12-05T02:21:39.244922
info@tsu-one.co.jp,有限会社TSU-ONE（ツーワン）,〒141-0031東京都品川区西五反田2-15-10グリンデル五反田501,http://www.tsu-one.co.jp/business/company.html,,tsu-one.co.jp,auto_batch,2025-12-05T02:21:42.060240
support@nisouken.co.jp,株式会社日本創造教育研究所,,https://www.nisouken.co.jp/before-sga-2,,nisouken.co.jp,auto_batch,2025-12-05T02:21:44.666009
info@renosy.com,株式会社RENOSY,東京都渋谷区道玄坂1-12-1 渋谷マークシティウエスト 12F,https://www.m-standard.co.jp/support/contact/,不動産,m-standard.co.jp,auto_batch,2025-12-05T02:22:01.990648
info@bp-members.com,株式会社ブライダルプロデュース,〒232-0000 神奈川県横浜市中区日本大通18番地　KRCビルディング9階,https://www.bridal-produce.co.jp/members/contact/,空文字,bridal-produce.co.jp,auto_batch,2025-12-05T02:22:08.895693
info@tvoe.co.jp,株式会社テレビ大阪エクスプロ,,https://www.tvoe.co.jp/expro/contact/,,tvoe.co.jp,auto_batch,2025-12-05T02:22:13.888396
info@notosiki.co.jp,株式会社ノトシキ,東京都中央区日本橋小伝馬町12-6,https://www.notosiki.co.jp/contact/inquiry,不動産,notosiki.co.jp,auto_batch,2025-12-05T02:22:21.367745
info@okinawa-sangyoushien.co.jp,株式会社沖縄産業振興センター,沖縄県那覇市字小禄1831番地,https://www.okinawa-sangyoushien.co.jp/about/contact/,不動産,okinawa-sangyoushien.co.jp,auto_batch,2025-12-05T02:22:24.967454
info@aimerfeel.jp,ソックコウベ株式会社,,https://www.sockkobe.co.jp/contact.html,,sockkobe.co.jp,auto_batch,2025-12-05T02:22:28.224902
info@atsurae.co.jp,株式会社アツラエ,,https://atsurae.co.jp/contact/,,atsurae.co.jp,auto_batch,2025-12-05T02:23:37.261597
info@shirai-s.co.jp,株式会社 白井産業,〒427-8711 静岡県島田市御請45-1,https://shirai-s.co.jp/cms-files/contact/,,shirai-s.co.jp,auto_batch,2025-12-05T02:23:45.960859
contact@habing.co.jp,株式会社HABING,東京都世田谷区上祖師谷5-8-21,https://habing.co.jp/contact.html,介護施設,habing.co.jp,auto_batch,2025-12-05T02:23:55.351152
info@ifis.co.jp,株式会社アイフィスジャパン,〒106-0032 東京都港区六本木1-8-7 MFPR六本木麻布台ビル,https://www.ifis.co.jp/contact/inquiry.php,,ifis.co.jp,auto_batch,2025-12-05T02:24:10.581346
info@gtmri.co.jp,GTM株式会社,,https://gtmri.co.jp/gtmgroup_outline/,,gtmri.co.jp,auto_batch,2025-12-05T02:24:28.853411
jardin@jsjardin.co.jp,株式会社ハルディン,,https://www.jsjardin.co.jp/contact,,jsjardin.co.jp,auto_batch,2025-12-05T02:24:52.576103
info@osako-seiki.co.jp,株式会社大迫精機,〒899-4314 鹿児島県霧島市国分川内1988-4,https://osako-seiki.co.jp/about/,精密金属部品製造業,osako-seiki.co.jp,auto_batch,2025-12-05T02:25:54.987990
info@goldwin.co.jp,ゴールドウイン株式会社,,https://about.goldwin.co.jp/about,,about.goldwin.co.jp,auto_batch,2025-12-05T02:26:08.490158
info@ichiritsu-icf.co.jp,有限会社イチリツ,,http://www.ichiritsu-icf.co.jp/workflow/index.html,,ichiritsu-icf.co.jp,auto_batch,2025-12-05T02:26:29.814418
info@clear-style.co.jp,株式会社クリアスタイル,東京都豊島区南大塚1-23-7,http://www.clear-style.co.jp/corp.html,,clear-style.co.jp,auto_batch,2025-12-05T02:27:10.845713
m-watanabe@watanabezeikei.co.jp,渡辺税理士法人,栃木県栃木市大平町富田1-845-3,http://www.watanabezeikei.co.jp/wordpress/mail/,士業法人,watanabezeikei.co.jp,auto_batch,2025-12-05T02:27:24.973718
support@wowow.co.jp,WOWOW株式会社,,https://support.wowow.co.jp/answer/67e9f75fe70151cef3c6ba2e/,,support.wowow.co.jp,auto_batch,2025-12-05T02:28:07.933148
info@jps-tokyo.co.jp,株式会社JPS,,https://www.jps-tokyo.co.jp/lp2/,,jps-tokyo.co.jp,auto_batch,2025-12-05T02:28:35.805870
info@ryugo.biz,株式会社 りゅうごヘルスケア,〒630-0142　奈良県生駒市北田原町1674番地14,http://www.aidex.co.jp/company/,,aidex.co.jp,auto_batch,2025-12-05T02:29:00.882021
takaidouro@amber.plala.or.jp,有限会社　高井道路カッターコアー,〒299-0211　千葉県袖ヶ浦市野里1436-70,https://www.dca.or.jp/kanisite/03_kanto-koshin/takaidouro/company.html,,dca.or.jp,auto_batch,2025-12-05T02:29:41.026210
f-d3sato@sato-d.jp,株式会社　佐藤設計,〒720-0823　広島県福山市千代田町1丁目16-21,https://www.jafmec.or.jp/shp/user/0016/310sekkei/overview.php,工務店・リフォーム,jafmec.or.jp,auto_batch,2025-12-05T02:29:44.640018
info@mitsunami.or.jp,三津波医療法人,〒123-4567 東京都新宿区西新宿1-1-1,https://mitsunami.or.jp/aboutus/,医療法人,mitsunami.or.jp,auto_batch,2025-12-05T02:30:37.247318
info@sumado.or.jp,JNI Bank株式会社,〒160-0022　東京都新宿区新宿6-27-30 新宿イーストサイドスクエア,https://sumado.or.jp/company.html,不動産,sumado.or.jp,auto_batch,2025-12-05T02:31:57.958715
support@ncom.ad.jp,株式会社新潟通信サービス,,https://www.tiara.or.jp/news/20250701.html,,tiara.or.jp,auto_batch,2025-12-05T02:32:38.941248
info@secnet.co.jp,株式会社エスイーシー,,https://www.hotweb.or.jp/sec/corporate/index.html,,hotweb.or.jp,auto_batch,2025-12-05T02:33:28.018499
info@yasuda-bussan.co.jp,株式会社安田物産,〒242-0018   神奈川県大和市深見西2-6-28,http://www.fgc.or.jp/supporters/%E6%A0%AA%E5%BC%8F%E4%BC%9A%E7%A4%BE-%E5%AE%89%E7%94%B0%E7%89%A9%E7%94%A3,,fgc.or.jp,auto_batch,2025-12-05T02:33:31.933892
koshi-tv@kctv.or.jp,一般社団法人香南ケーブルテレビ（ＫＣＴＶ）,〒781-5232高知県香南市野市町西野５８１－２,https://www.kctv.or.jp/company.htm,,kctv.or.jp,auto_batch,2025-12-05T02:33:43.122467
info@good-life.or.jp,社会福祉法人 来福,,https://good-life.or.jp/contact/,介護施設,good-life.or.jp,auto_batch,2025-12-05T02:34:53.782202
info@frj.or.jp,特定非営利活動法人 なんみんフォーラム,〒169-0051　東京都新宿区西早稲田2-3-18 AVACOビル5F 国際協力NGOセンター（JANIC）内,http://frj.or.jp/outline,,frj.or.jp,auto_batch,2025-12-05T02:36:48.396313
info@koyosha-inc.co.jp,株式会社光陽社,,https://www.koyosha-inc.co.jp/form/estimate,不動産,koyosha-inc.co.jp,auto_batch,2025-12-05T02:37:02.824259
info@kaneshin.co.jp,株式会社カネシン,,https://www.kaneshin.co.jp/mp_inquiry/inquiry.php,工務店・リフォーム,kaneshin.co.jp,auto_batch,2025-12-05T02:37:19.310821
info@rakuten-sonpo.co.jp,楽天損害保険株式会社,,https://www.rakuten-sonpo.co.jp/call/tabid/1234/Default.aspx,保険,rakuten-sonpo.co.jp,auto_batch,2025-12-05T02:37:35.449910
info@fighters.co.jp,北海道日本ハムファイターズ株式会社,北海道札幌市豊平区月寒東1条11丁目1-1,https://fanclub.fighters.co.jp/faq,スポーツ,fanclub.fighters.co.jp,auto_batch,2025-12-05T02:37:39.066128
jinji@pasco.co.jp,株式会社パスコ,,https://www.pasco.co.jp/contact/,,pasco.co.jp,auto_batch,2025-12-05T02:37:41.150843
info@bandai.co.jp,株式会社バンダイ,,https://www.bandai.co.jp/support/top/before_contact/,,bandai.co.jp,auto_batch,2025-12-05T02:37:43.303083
info@rohto.co.jp,ロート製薬株式会社,大阪府大阪市東成区大今里南1丁目1番1号,https://www.shop.rohto.co.jp/contactform,美容医療,shop.rohto.co.jp,auto_batch,2025-12-05T02:37:51.172546
info@uccard.co.jp,ユーシーカード株式会社,東京都千代田区丸の内2-1-1,https://www2.uccard.co.jp/cs/customer-support/,不動産,www2.uccard.co.jp,auto_batch,2025-12-05T02:38:04.624621
info@osakametro.co.jp,大阪市高速電気軌道株式会社,大阪府大阪市北区梅田3丁目1番1号,https://subway.osakametro.co.jp/contact.php,不動産,subway.osakametro.co.jp,auto_batch,2025-12-05T02:38:07.423180
info@mitsui-kanri.co.jp,三井不動産レジデンシャルサービス株式会社,,https://www.mitsui-kanri.co.jp/contact/,不動産,mitsui-kanri.co.jp,auto_batch,2025-12-05T02:38:45.790079
info@goinc.jp,GO株式会社,,https://japantaxi.co.jp/contact/,,japantaxi.co.jp,auto_batch,2025-12-05T02:38:58.841410
info@human-ast.co.jp,株式会社ヒューマンアシスト,愛知県知多郡東浦町大字石浜字岐路88番地の6,https://www.human-ast.co.jp/pages/2/,介護施設,human-ast.co.jp,auto_batch,2025-12-05T02:39:25.860265
info@kyoushin-group.co.jp,株式会社京進グループ,〒590-0522 大阪府堺市南区原山台1541-39,https://kyoushin-group.co.jp/contact.html,,kyoushin-group.co.jp,auto_batch,2025-12-05T02:39:36.694532
info@tscubic.com,トヨタファイナンス株式会社,〒451-6014　愛知県名古屋市西区牛島町6番1号,https://faq.toyota-finance.co.jp/faq/show/5393?site_domain=ts3,不動産,faq.toyota-finance.co.jp,auto_batch,2025-12-05T02:40:19.367554
info@yoshidumi.co.jp,吉積情報株式会社,,https://www.yoshidumi.co.jp/collaboration-lab/gmail-corporate-account-fee,,yoshidumi.co.jp,auto_batch,2025-12-05T02:41:20.459341
info@okasan-online.co.jp,岡三証券株式会社,,https://www.okasan-online.co.jp/support/procedure/corp/email_corp.html,不動産,okasan-online.co.jp,auto_batch,2025-12-05T02:41:41.165274
info@sonylife.co.jp,ソニー生命保険株式会社,,https://www.sonylife.co.jp/otoiawase/,保険,sonylife.co.jp,auto_batch,2025-12-05T02:42:00.512151
info@tepco.co.jp,東京電力パワーグリッド株式会社,,https://www.tepco.co.jp/pg/user/contact.html,,tepco.co.jp,auto_batch,2025-12-05T02:42:18.032508
info@eneos.co.jp,ENEOS株式会社,,https://www.eneos.co.jp/contact/,,eneos.co.jp,auto_batch,2025-12-05T02:42:22.239886
hojinkai.ml@ags.co.jp,ＡＧＳ株式会社,〒336-0027　埼玉県さいたま市南区沼影1-13-1 ナリア・テラス3階,https://www.ags.co.jp/nw/tokyo/toiawase.html,,ags.co.jp,auto_batch,2025-12-05T02:42:26.659321
info@see-729.com,エス・イー･イー株式会社,奈良県御所市柏原413,http://www.see-729.com/company/,産業廃棄物,see-729.com,auto_batch,2025-12-05T02:42:45.557726
info@floraison-ltd.com,株式会社フロレゾン,静岡県富士市久沢793,https://floraison-ltd.com/,,floraison-ltd.com,auto_batch,2025-12-05T02:43:13.129891
info@lcsgroup.co.jp,エルシーズ株式会社,〒151-0053 東京都渋谷区代々木2-23-1-764号室,https://www.lcsgroup.co.jp/broker/,不動産,lcsgroup.co.jp,auto_batch,2025-12-05T02:43:16.015463
info@marumoseni.co.jp,株式会社マルモセニ,愛知県名古屋市中村区道下町1丁目31番地,https://www.marumoseni.co.jp/company/,,marumoseni.co.jp,auto_batch,2025-12-05T02:43:18.343970
info@g-story.jp,株式会社グルメストーリー,〒452-0901 愛知県清須市阿原池之表80番地,https://www.g-story.co.jp/company/,,g-story.co.jp,auto_batch,2025-12-05T02:43:20.827032
info@palcon.co.jp,パルコンサービス株式会社,〒557-0055　大阪府大阪市西成区千本南2丁目4番14号,http://www.palcon.co.jp/company/,工務店・リフォーム,palcon.co.jp,auto_batch,2025-12-05T02:43:23.917490
info@admedical.co.jp,株式会社アデランスメディカルリサーチ,〒160-0022 東京都新宿区新宿3丁目1番9号 ADビル東館2階・3階,https://www.admedical.co.jp/company/,医療法人,admedical.co.jp,auto_batch,2025-12-05T02:43:27.666142
info@raffinato-room.co.jp,株式会社Raffinato,〒104-0032　東京都中央区八丁堀 3-1-7 永井ビル3F,https://www.raffinato-room.co.jp/company.html,,raffinato-room.co.jp,auto_batch,2025-12-05T02:43:33.756164
info@n-denkei.co.jp,日本電計株式会社,〒110-0005　東京都台東区上野5-14-12　NDビル,https://www.n-denkei.co.jp/company/profile/,,n-denkei.co.jp,auto_batch,2025-12-05T02:44:11.069274
info@osakagas.co.jp,大阪ガス株式会社,大阪府大阪市中央区,https://network.osakagas.co.jp/contact/,不動産,network.osakagas.co.jp,auto_batch,2025-12-05T02:45:56.492520
kbt_g.khbp@kubota.com,株式会社クボタ,大阪府大阪市浪速区敷津東１丁目２番４７号,https://www.kubota.co.jp/agrifront/legal-information/,,kubota.co.jp,auto_batch,2025-12-05T02:46:05.988991
aiosl@shoei-sec.co.jp,正栄株式会社,〒553-0003　大阪市福島区福島6-13-3(正栄ビル),https://shoei-sec.co.jp/shop/transaction-law/,,shoei-sec.co.jp,auto_batch,2025-12-05T02:46:34.138525
info@eneos-power.co.jp,ENEOSパワー株式会社,東京都千代田区大手町1-1-2,https://www.eneos-power.co.jp/business/denki/pdf/tokushoho.pdf?20250901,電力,eneos-power.co.jp,auto_batch,2025-12-05T02:46:49.487254
kokoku@ohmitetudo.co.jp,湖国バス道株式会社,滋賀県彦根市駅東町15番1,https://www.ohmitetudo.co.jp/bus/ride/pass/sell-k/,不動産,ohmitetudo.co.jp,auto_batch,2025-12-05T02:47:57.916981
kasimazu@shokusai.co.jp,能登食祭市場　株式会社 香島津,石川県七尾市府中町員外13-1,http://www.shokusai.co.jp/store/purchase2.php,土産物販売,shokusai.co.jp,auto_batch,2025-12-05T02:48:02.465896
info@fujita-kanko.co.jp,藤田観光株式会社,〒112-8664　東京都文京区関口2-10-8,https://www.fujita-kanko.co.jp/transaction/,,fujita-kanko.co.jp,auto_batch,2025-12-05T02:48:05.524980
honsya@yanobousai.co.jp,矢野防災株式会社,510-0071 三重県四日市市鵜の森1丁目1-1,http://www.yanobousai.co.jp/law.html,,yanobousai.co.jp,auto_batch,2025-12-05T02:48:11.006744
nisso@miki.ne.jp,株式会社ニッソウ技研,千葉県船橋市習志野台2-3-16,http://www.nissogiken.co.jp/law.html,,nissogiken.co.jp,auto_batch,2025-12-05T02:48:13.259717
info@lotus21.co.jp,株式会社ロータス21,,https://www.lotus21.co.jp/works/pro/pro_appl.html,士業法人,lotus21.co.jp,auto_batch,2025-12-05T02:49:30.689828
info@family-cl.co.jp,ファミリーレンタリース株式会社,〒192-0071　東京都八王子市八日町5番9号,https://www.family-cl.co.jp/info/,,family-cl.co.jp,auto_batch,2025-12-05T02:49:36.765742
info@coco-plant.co.jp,ココプラント株式会社,〒175-0083 東京都板橋区徳丸1-43-16,https://www.coco-plant.co.jp/company/,不動産,coco-plant.co.jp,auto_batch,2025-12-05T02:49:48.317686
info@digikar.co.jp,エムスリーデジカル株式会社,〒107-0052 東京都港区赤坂1丁目11番44号 赤坂インターシティ10階,https://digikar.co.jp/company,医療法人,digikar.co.jp,auto_batch,2025-12-05T02:50:12.835868
info@sukoyaka.co.jp,株式会社 すこやか工房,"〒812-0039
福岡県福岡市博多区冷泉町9-26",https://corp.sukoyaka.co.jp/company/,,corp.sukoyaka.co.jp,auto_batch,2025-12-05T02:50:15.686295
info@msfj.co.jp,MSFJ株式会社,"〒106-0045
東京都 港区 麻布十番2-8-16 七面坂ビル4階",https://msfj.co.jp/company/,ファクタリング,msfj.co.jp,auto_batch,2025-12-05T02:50:29.945256
info@shimizu-kaihatsu.co.jp,清水開発株式会社,〒185-0012　東京都国分寺市本町2-9-8,https://www.shimizu-kaihatsu.co.jp/company/,不動産,shimizu-kaihatsu.co.jp,auto_batch,2025-12-05T02:50:50.725508
info@area-japan.co.jp,株式会社AREA,東京都港区南青山5-4-41,https://www.area-japan.co.jp/news/%E3%83%95%E3%83%A9%E3%83%B3%E3%82%B9%E7%8F%BE%E5%9C%B0%E6%B3%95%E4%BA%BA%E8%A8%AD%E7%AB%8B%E3%81%AE%E3%81%8A%E7%9F%A5%E3%82%89%E3%81%9B/,不動産,area-japan.co.jp,auto_batch,2025-12-05T02:50:59.299048
info@fair-start.org,特定非営利活動法人フェアスタートサポート,〒231-0021 神奈川県横浜市中区日本大通33番地 関内フューチャーセンター214,https://fair-start.co.jp/supporting-team/donation,空文字,fair-start.co.jp,auto_batch,2025-12-05T02:51:11.577314
info@SusA.co.jp,株式会社サステナビリティ会計事務所,,https://www.susa.co.jp/privacy/,,susa.co.jp,auto_batch,2025-12-05T02:51:14.457169
info@tsutsumi-chem.co.jp,堤化学株式会社,,https://www.tsutsumi-chem.co.jp/contact,,tsutsumi-chem.co.jp,auto_batch,2025-12-05T02:51:18.581649
contact@olympus.co.jp,オリンパス株式会社,,https://www.olympus.co.jp/ir/mail.html?page=ir,,olympus.co.jp,auto_batch,2025-12-05T02:51:31.823057
info@fce-pat.co.jp,株式会社FCE,〒163-0810 東京都新宿区西新宿二丁目4番1号 新宿NSビル10階,https://fce-hd.co.jp/contact/,,fce-hd.co.jp,auto_batch,2025-12-05T02:51:41.107186
info@ono.co.jp,小野薬品工業株式会社,,https://www.ono.co.jp/ir/mail.html,医療法人,ono.co.jp,auto_batch,2025-12-05T02:51:43.326696
info@progress-group.jp,株式会社プログレスホールディングス,〒105-0003 東京都港区西新橋2-15-17リッツ虎ノ門3F,http://progress-group.co.jp/recruit/,不動産,progress-group.co.jp,auto_batch,2025-12-05T02:51:50.876625
info@katasekk.co.jp,カタセ株式会社,〒542-0081 大阪府大阪市中央区南船場2丁目4-23 東泉ビル 3F/4F,https://katasekk.co.jp/lp/bc_facerescue/,,katasekk.co.jp,auto_batch,2025-12-05T02:51:54.330434
info@jfp.co.jp,株式会社JFP,〒020-0063 岩手県盛岡市盛岡駅前通2-26 2F,https://www.jfp.co.jp/xpl/main.htm,,jfp.co.jp,auto_batch,2025-12-05T02:51:56.904516
info@mofcorp.co.jp,エムオー・コーポレーション有限会社,〒540-0029 大阪府大阪市中央区本町橋2-16 AXIS本町橋YKビル502号,http://www.mocorp.co.jp/company/,,mocorp.co.jp,auto_batch,2025-12-05T02:52:05.357060
info@fujieunyu.co.jp,株式会社藤江運輸,〒144-0045 東京都大田区南六郷3丁目16番18号,https://www.fujieunyu.co.jp/contact/,,fujieunyu.co.jp,auto_batch,2025-12-05T02:52:10.731669
info@landmark-design.co.jp,ランドマークゴルフデザイン株式会社,神奈川県横浜市中区長者町4-9-2第6吉本ビル６F,http://landmark-design.co.jp/company.html,,landmark-design.co.jp,auto_batch,2025-12-05T02:52:29.820568
t.kato@m-ekimae.com,もっと駅前不動産株式会社,"〒839-0809
福岡県久留米市東合川２丁目3-13",https://www.m-ekimae.co.jp/company/,不動産,m-ekimae.co.jp,auto_batch,2025-12-06T02:02:35.442882
i.totalestate@i-te.co.jp,株式会社　i.トータルエステート（アイトータルエステート）,東京都練馬区東大泉2丁目9-15 大泉マンション1F,http://i-te.co.jp/company/,不動産,i-te.co.jp,auto_batch,2025-12-06T02:03:16.915519
info@livewell-partners.com,リヴウェル株式会社,東京都中野区本町4-48-17,https://livewell-partners.com/inquiry/,不動産,livewell-partners.com,auto_batch,2025-12-06T02:03:56.518606
info@toshinoju.co.jp,都市農住事業株式会社,〒206-0033 東京都多摩市落合1-2-5,https://www.toshinoju.co.jp/contact.html,不動産,toshinoju.co.jp,auto_batch,2025-12-06T02:04:13.690990
meistar@hoshitoku.co.jp,株式会社 星徳工務店,〒569-1025 大阪府高槻市,https://hoshitoku.co.jp/company/,工務店・リフォーム,hoshitoku.co.jp,auto_batch,2025-12-06T02:04:34.334332
info@kojima-koumuten724.co.jp,株式会社小島工務店,東京都中野区鷺宮2-12-8,http://www.kojima-koumuten724.co.jp/company,工務店・リフォーム,kojima-koumuten724.co.jp,auto_batch,2025-12-06T02:04:42.906309
info@i-tabata.co.jp,株式会社TABATA,"〒252-0244
神奈川県相模原市中央区田名8568-1",https://i-tabata.co.jp/about/company.html,工務店・リフォーム,i-tabata.co.jp,auto_batch,2025-12-06T02:05:02.083892
info@fromart.jp,株式会社FROM ART,"〒325-0025
栃木県那須塩原市下厚崎264-93",https://fromart.co.jp/company/,工務店・リフォーム,fromart.co.jp,auto_batch,2025-12-06T02:05:05.042783
info@inway.co.jp,株式会社インウェイ,〒143-0014 東京都大田区大森中2-2-1-1F,http://www.inway.co.jp/company.html,工務店・リフォーム,inway.co.jp,auto_batch,2025-12-06T02:05:08.335203
info@renove-works.co.jp,株式会社　リノベワークス,〒155-0031 東京都世田谷区北沢3-17-12,https://www.renove-works.co.jp/company/,工務店・リフォーム,renove-works.co.jp,auto_batch,2025-12-06T02:05:11.109363
info@kkyamajyu.co.jp,株式会社 山住,〒252-0234 神奈川県相模原市中央区共和2-6-7,http://kkyamajyu.co.jp/company/,工務店・リフォーム,kkyamajyu.co.jp,auto_batch,2025-12-06T02:05:14.133947
y_kato@anzen-torasu.co.jp,株式会社安全トラス,〒136-0071 東京都江東区亀戸2-3-21,https://anzenkigu.co.jp/company,空間移動式仮設足場および建設機械器具設計,anzenkigu.co.jp,auto_batch,2025-12-06T02:05:25.254430
info@jutakuhaku.co.jp,株式会社ABCハウジング,大阪府,https://www.jutakuhaku.co.jp/about/,不動産,jutakuhaku.co.jp,auto_batch,2025-12-06T02:05:47.336248
reform@mitomonet.com,株式会社ミトモ,山口県宇部市大字小串91-26,https://www.mitomonet.com/contact,工務店・リフォーム,mitomonet.com,auto_batch,2025-12-06T02:05:57.454893
hakuryokai@hakuryokai.com,株式会社白陵会,〒987-0024 宮城県栗原市築館字下宮野34,http://care-net.biz/04/hakuryokai/nakazone_about.php,,care-net.biz,auto_batch,2025-12-06T02:06:32.876467
info@sawayakaen.com,社会福祉法人聖進會　さわやか苑,,https://sawayakaen.com/company/,介護施設,sawayakaen.com,auto_batch,2025-12-06T02:07:11.316553
info@kaigonohonne.com,株式会社メディパス,,https://medipass.co.jp/news/detail/3074,介護施設,medipass.co.jp,auto_batch,2025-12-06T02:07:37.403266
info@745165.co.jp,株式会社なでしこ,大阪市東住吉区湯里1丁目14番5号,https://www.745165.co.jp/company/,介護施設,745165.co.jp,auto_batch,2025-12-06T02:07:42.383126
info@hys-partners.jp,税理士法人ハヤシパートナーズ,〒220-0023　神奈川県横浜市西区平沼1-7-10　横浜YSKビル,http://www.hys-partners.jp/access,士業法人,hys-partners.jp,auto_batch,2025-12-06T02:07:50.049681
info@leinaala-sr.or.jp,社会保険労務士法人レイナアラ,〒113-0033　東京都文京区本郷3-23-5　ハイシティ本郷2F,https://leinaala-sr.or.jp/office/,士業法人,leinaala-sr.or.jp,auto_batch,2025-12-06T02:08:24.392541
info@o-mochizuki.jp,株式会社おもちづき,神奈川県横浜市西区南幸1丁目1横浜駅前ビル6F,https://www.o-mochizuki.jp/office/index.html,,o-mochizuki.jp,auto_batch,2025-12-06T02:08:30.829899
yuki.sato@satoh-legal.com,司法書士法人さとう事務所,横浜市青葉区美しが丘2-1-27 第5正美ビル303,http://www.satoh-legal.com/access,士業法人,satoh-legal.com,auto_batch,2025-12-06T02:08:49.877741
mail@onojimusyo.jp,司法書士法人 小野司法事務所,〒730-0043　広島市中区富士見町13番18-201,http://www.onojimusyo.jp/gaiyou.html,士業法人,onojimusyo.jp,auto_batch,2025-12-06T02:08:52.383740
info@alesco-office.com,司法書士法人アレスコ事務所,〒102-0093 東京都千代田区平河町一丁目5番15号　VORT平河町1002,https://www.alesco-office.com/about/,士業法人,alesco-office.com,auto_batch,2025-12-06T02:08:55.100402
info@teco.co.jp,株式会社タムラテコ,〒577-0012 大阪府東大阪市長田東2-1-33　長田平成ビル４F,https://www.teco.co.jp/company.htm,,teco.co.jp,auto_batch,2025-12-06T02:09:21.462546
info@e-zero1.co.jp,株式会社ゼロワン,東京都中央区日本橋本町4-11-5 住友不動産日本橋本町ビル3F,https://www.e-zero1.co.jp/company/outline.html,,e-zero1.co.jp,auto_batch,2025-12-06T02:09:23.558725
info@jva.co.jp,株式会社Japan Venture Agency,"〒541-0059
大阪府大阪市中央区博労町1-8-8ピカソ堺筋本町ビル704",https://jva.co.jp/about/about/,不動産,jva.co.jp,auto_batch,2025-12-06T02:09:29.134740
info@myts.co.jp,株式会社マイツ,〒600-8177 京都市下京区烏丸通五条下ル大坂町391番 第10長谷ビル 6階,https://myts.co.jp/group/officelist/,士業法人,myts.co.jp,auto_batch,2025-12-06T02:09:34.419514
info@tims-biz.com,社労士法人ティムス,,https://www.tims-biz.com/contact,士業法人,tims-biz.com,auto_batch,2025-12-06T02:09:47.591390
info@godo-k.co.jp,行政書士法人　合同経営,〒760-0080 香川県高松市木太町3396番地11,https://www.godo-k.co.jp/contact/,士業法人,godo-k.co.jp,auto_batch,2025-12-06T02:09:55.497186
info@kodomonosora.jp,社会保険労務士法人 こどものそら舎,〒240-0116　神奈川県三浦郡葉山町下山口1850-2,https://kodomonosora.jp/contact/,士業法人,kodomonosora.jp,auto_batch,2025-12-06T02:09:58.190585
info@forrou-sr.jp,社会保険労務士法人FORROU,,https://forrou-sr.jp/contact,士業法人,forrou-sr.jp,auto_batch,2025-12-06T02:10:00.593087
info@chemicaldaily.co.jp,株式会社 化学工業日報社,〒103-8485 東京都中央区日本橋浜町3-16-8,https://www.chemicaldaily.co.jp/company,,chemicaldaily.co.jp,auto_batch,2025-12-06T02:10:08.141006
info@matsuyagas.co.jp,松屋株式会社,,https://matsuyagas.co.jp/%E4%BC%9A%E7%A4%BE%E6%A6%82%E8%A6%81/,,matsuyagas.co.jp,auto_batch,2025-12-06T02:10:16.292010
privacy@shiftplus.co.jp,シフトプラス株式会社,,https://www.shiftplus.co.jp/contact/,,shiftplus.co.jp,auto_batch,2025-12-06T02:10:41.295455
info@sanofi.com,サノフィ株式会社,,https://www.sanofi.co.jp/ja/contact,,sanofi.co.jp,auto_batch,2025-12-06T02:11:02.158585
info@ifrpp.co.jp,イケゾエFRPプロダクツ株式会社,和歌山県日高郡みなべ町西本庄670-1,https://www.ifrpp.co.jp/?cat=6,,ifrpp.co.jp,auto_batch,2025-12-06T02:12:13.524398
info@alsok.co.jp,綜合警備保障株式会社,,https://www.alsok.co.jp/company/info/outline.html,防犯,alsok.co.jp,auto_batch,2025-12-06T02:13:27.450180
info@infofarm.co.jp,株式会社インフォファーム,岐阜県岐阜市,https://www.infofarm.co.jp/company/,IT企業,infofarm.co.jp,auto_batch,2025-12-06T02:13:30.676538
info@watuco.co.jp,ワツコ株式会社,〒534-0022　大阪府大阪市都島区都島中通1丁目6番16号,http://www.watuco.co.jp/company/,,watuco.co.jp,auto_batch,2025-12-06T02:14:02.985575
info@y-elecon.co.jp,株式会社ワイ・エレコン,,https://www.y-elecon.co.jp/contact,,y-elecon.co.jp,auto_batch,2025-12-06T02:14:11.589985
uminooka@well-well.co.jp,株式会社ウエル,,https://www.well-well.co.jp/yumi/umi_toiawase.html,介護施設,well-well.co.jp,auto_batch,2025-12-06T02:15:05.447433
info@ftcom.co.jp,株式会社エフティコミュニケーションズ,,https://ftcom.co.jp/contactpoint/,,ftcom.co.jp,auto_batch,2025-12-06T02:15:21.335763
webmaster@takasawa.co.jp,高沢産業 株式会社,長野県長野市南千歳1-15-3,https://www.takasawa.co.jp/inquiry/,,takasawa.co.jp,auto_batch,2025-12-06T02:15:28.366991
honten@grp.daikyo.co.jp,株式会社大京,,https://www.daikyo.co.jp/contact.html,不動産,daikyo.co.jp,auto_batch,2025-12-06T02:15:46.676923
info@daikyonishikawa.co.jp,ダイキョーニシカワ株式会社,,https://www.daikyonishikawa.co.jp/company/partner.html,,daikyonishikawa.co.jp,auto_batch,2025-12-06T02:16:13.301779
info@misaki-kogyo.co.jp,岬工業株式会社,,http://misaki-kogyo.co.jp/contact/,工務店・リフォーム,misaki-kogyo.co.jp,auto_batch,2025-12-06T02:16:27.404804
info@kansai-td.co.jp,関西電力送配電株式会社,,https://www.kansai-td.co.jp/faq/contact/,不動産,kansai-td.co.jp,auto_batch,2025-12-06T02:16:30.238252
info@otsuka-shokai.co.jp,株式会社大塚商会,,https://faq.mypage.otsuka-shokai.co.jp/app/answers/detail/a_id/295949/~/%5B%E3%81%8A%E5%AE%A2%E6%A7%98%E3%83%9E%E3%82%A4%E3%83%9A%E3%83%BC%E3%82%B8%5D-%E3%81%8A%E5%AE%A2%E6%A7%98%E6%83%85%E5%A0%B1%E3%81%AE%E5%A4%89%E6%9B%B4%E6%96%B9%E6%B3%95,,faq.mypage.otsuka-shokai.co.jp,auto_batch,2025-12-06T02:17:29.984848
info@treasurefactory.co.jp,株式会社トレジャー・ファクトリー,東京都豊島区南池袋2-45-1,https://www.treasurefactory.co.jp/ir/pdf/analyst/analyst_20140516.pdf,不動産,treasurefactory.co.jp,auto_batch,2025-12-06T02:17:45.513363
info@paloma.co.jp,パロマ株式会社,〒467-8585 名古屋市瑞穂区桃園町6番23号,https://www.paloma.co.jp/support/inquiry/,不動産,paloma.co.jp,auto_batch,2025-12-06T02:18:10.810927
info@fanuc.co.jp,ファナック株式会社,,https://www.fanuc.co.jp/ja/training/contact/,,fanuc.co.jp,auto_batch,2025-12-06T02:18:45.590962
info@macc-kk.co.jp,MACコンサルティング株式会社,,https://macc-kk.co.jp/claimpaid/,保険代理店,macc-kk.co.jp,auto_batch,2025-12-06T02:18:56.184087
info@c-nexco.co.jp,中日本高速道路株式会社,,https://www.c-nexco.co.jp/activity/illegal/list.html,,c-nexco.co.jp,auto_batch,2025-12-06T02:19:08.095990
contact@nippon-sourin.co.jp,日本創倫株式会社,東京都品川区北品川1丁目12-9　テラス品川201,https://nippon-sourin.co.jp/info/%EF%BC%9C3%E7%B4%9A%E6%90%8D%E5%AE%B3%E4%BF%9D%E9%99%BA%E7%99%BB%E9%8C%B2%E9%91%91%E5%AE%9A%E4%BA%BA%EF%BC%9E2022%E5%B9%B47%E6%9C%88%E8%A9%A6%E9%A8%93%E5%AF%BE%E7%AD%96%E7%94%A8-e%E3%83%A9%E3%83%BC-2/,,nippon-sourin.co.jp,auto_batch,2025-12-06T02:19:22.775536
kaitori@clubwind.jp,株式会社CLUBWIND,,http://www.cardclub.co.jp/contents/2020/06/post-23.php,,cardclub.co.jp,auto_batch,2025-12-06T02:20:10.343841
info@onegain.co.jp,ワンゲイン株式会社,〒556-0011  大阪市浪速区難波中2-7-23　広和ビル3F,https://www.onegain.co.jp/privacy/index.html,,onegain.co.jp,auto_batch,2025-12-06T02:20:28.508453
info@villagewell.co.jp,株式会社ヴィレッジウェル,,https://villagewell.co.jp/contact/,,villagewell.co.jp,auto_batch,2025-12-06T02:20:53.918739
info@promax.co.jp,株式会社プロマックス,東京都渋谷区恵比寿南1-1-1,https://www.promax.co.jp/company,,promax.co.jp,auto_batch,2025-12-06T02:21:09.507443
info@recamp.co.jp,株式会社リキャンプ,,https://www.recamp.co.jp/contact,,recamp.co.jp,auto_batch,2025-12-06T02:21:23.598483
info@care-creation.co.jp,株式会社Care Creation,,https://care-creation.co.jp/seminar-contact/,介護施設,care-creation.co.jp,auto_batch,2025-12-06T02:21:56.717167
info@mosio.co.jp,合同会社 顔晴れ塩竈,〒985‐0021 宮城県塩竈市尾島町27‐30キクニ（株）2F,https://mosio.co.jp/contact/,,mosio.co.jp,auto_batch,2025-12-06T02:22:21.099399
kyoei@kyoei-fw.co.jp,株式会社 共栄鍛工所,"2781 Osaki, Sanjo-Shi, Niigata 959-1148",https://www.kyoei-fw.co.jp/about-en/,,kyoei-fw.co.jp,auto_batch,2025-12-06T02:22:51.243871
info@nikkensya.co.jp,株式会社日建社,大阪府大阪市都島区友渕町3丁目9-5,http://www.nikkensya.co.jp/about/,,nikkensya.co.jp,auto_batch,2025-12-06T02:23:16.593298
info@amiya.co.jp,株式会社網屋,,https://www.amiya.co.jp/solutions/training/mail_attack/,,amiya.co.jp,auto_batch,2025-12-06T02:23:33.273280
info@lizon.co.jp,株式会社リゾン,東京都練馬区北町6-32-37 永見ビル2F,https://www.lizon.co.jp/store_guide/,不動産,lizon.co.jp,auto_batch,2025-12-06T02:23:40.940587
info@glory.co.jp,グローリー株式会社,,https://www.glory.co.jp/ir/dir_net/,,glory.co.jp,auto_batch,2025-12-06T02:23:47.691942
info@c3inc.co.jp,株式会社シーキューブ,〒116-0012　東京都荒川区東尾久3-30-6-201,https://www.c3inc.co.jp/about-us/,介護施設,c3inc.co.jp,auto_batch,2025-12-06T02:24:00.476732
info@yakult-cp.jp,株式会社ヤクルト本社,,https://www.yakult.co.jp/faq/contact/,,yakult.co.jp,auto_batch,2025-12-06T02:24:24.060022
info@mitsubishielectric.co.jp,三菱電機株式会社,,https://www.mitsubishielectric.co.jp/support/,,mitsubishielectric.co.jp,auto_batch,2025-12-06T02:24:28.102355
info@dreamnets.co.jp,株式会社ドリームネッツ,〒720-0063　広島県福山市元町13-20　元町プラッツビル4F,https://www.dreamnets.co.jp/news/detail.html?VIEW=DATA&CMS_BOARD_ID=254,,dreamnets.co.jp,auto_batch,2025-12-06T02:26:09.677386
info@spacevalue.co.jp,株式会社スペースバリュー,東京都中央区日本橋箱崎町32-3　箱崎ビル607,https://spacevalue.co.jp/company/,,spacevalue.co.jp,auto_batch,2025-12-06T02:26:11.348494
info@echo.or.jp,株式会社エコー,,https://www.echo.or.jp/company/,,echo.or.jp,auto_batch,2025-12-06T02:26:41.935572
pfm-ms@dewa.or.jp,有限会社 ピックファーム室岡,〒999-2253　山形県南陽市宮崎527,http://www.dewa.or.jp/~pfm-ms/company.html,,dewa.or.jp,auto_batch,2025-12-06T02:26:54.425522
nohsan@po.mcci.or.jp,松本ノーサン株式会社,〒390-0832　長野県松本市南松本1-13-14,https://www.mcci.or.jp/www/nohsan/index01.html,不動産,mcci.or.jp,auto_batch,2025-12-06T02:26:58.322295
contact_1@clifix.or.jp,クリフィックス税理士法人,〒100-0004　東京都千代田区大手町一丁目5番1号<br>大手町ファーストスクエア <br>イーストタワー5F,https://www.clifix.or.jp/about/outline.php,士業法人,clifix.or.jp,auto_batch,2025-12-06T02:27:10.298272
ryusuke@tsukechi.co.jp,付知土建　株式会社,〒508-0351 中津川市付知町５０６８－３,https://www.gifusegyo.or.jp/member/2013/08/post-36.html,工務店・リフォーム,gifusegyo.or.jp,auto_batch,2025-12-06T02:29:26.604758
matsuken@sakitama.or.jp,松坂屋建材株式会社,〒361-0075　埼玉県行田市向町26-22,https://www3.sakitama.or.jp/matsuken-re/company,工務店・リフォーム,www3.sakitama.or.jp,auto_batch,2025-12-06T02:29:33.112131
tubaki-golf@a.email.ne.jp,株式会社つばきゴルフ,埼玉県さいたま市南区太田窪3-2-15,https://www.mmjp.or.jp/tubaki-golf/tubaki-annai.htm,,mmjp.or.jp,auto_batch,2025-12-06T02:29:42.090897
service@rim.or.jp,株式会社イージェーワークス,,https://www.rim.or.jp/support/faq/03.html,,rim.or.jp,auto_batch,2025-12-06T02:30:34.422131
info@csc-m.or.jp,一般社団法人　ＣＳＣ配管更生工法推進協会,〒104-0045 東京都中央区築地１丁目９番２号　イセツネビル２階,https://csc-m.or.jp/about/,,csc-m.or.jp,auto_batch,2025-12-06T02:32:10.653099
info@sanko-sangyo.co.jp,三晃産業株式会社,,https://sanko-sangyo.co.jp/information/contact/,,sanko-sangyo.co.jp,auto_batch,2025-12-06T02:32:27.538903
info@tokaikizai.co.jp,東海機材株式会社,静岡県浜松市中央区曳馬町2890番地,https://tokaikizai.co.jp/%E3%81%8A%E5%95%8F%E3%81%84%E5%90%88%E3%81%9B%E3%83%95%E3%82%A9%E3%83%BC%E3%83%A0%E3%83%88%E3%83%A9%E3%83%96%E3%83%AB%E3%81%AB%E3%82%88%E3%82%8B%E3%81%8A%E5%95%8F%E3%81%84%E5%90%88%E3%81%9B%E3%81%B8/,,tokaikizai.co.jp,auto_batch,2025-12-06T02:32:34.747133
info@kageki.hankyu.co.jp,株式会社阪急阪神ホールディングス,兵庫県宝塚市栄町1-1-57,https://kageki.hankyu.co.jp/system/inquiries,美容医療,kageki.hankyu.co.jp,auto_batch,2025-12-06T02:33:25.548082
tgs2025_pr@ssu.co.jp,一般社団法人コンピュータエンターテインメント協会 (CESA),,https://tgs.cesa.or.jp/jp/contact,,tgs.cesa.or.jp,auto_batch,2025-12-06T02:33:47.304163
info@e-dics.co.jp,株式会社エーディックス,,https://e-dics.co.jp/contact/,,e-dics.co.jp,auto_batch,2025-12-06T02:34:16.817867
mail_service@jist-web-service.jp,日本インベスター・ソリューション・アンド・テクノロジー株式会社,,https://faq.jis-t.co.jp/faq/show/27?category_id=6&site_domain=default,,faq.jis-t.co.jp,auto_batch,2025-12-06T02:35:05.254958
support@nintendo.co.jp,任天堂株式会社,東京都港区港南1-2-70,https://support.nintendo.co.jp/app/answers/detail/a_id/36297,ゲーム,support.nintendo.co.jp,auto_batch,2025-12-06T02:35:08.612509
info02@rakuten.com,楽天モバイル株式会社,玉川一丁目14番1号　楽天クリムゾンハウス,https://comm.rakuten.co.jp/toiawase/selfcare-mail/,,comm.rakuten.co.jp,auto_batch,2025-12-06T02:35:54.566460
info@toa.co.jp,TOA株式会社,,https://contents.toa.co.jp/contactus/,,contents.toa.co.jp,auto_batch,2025-12-06T02:36:17.333517
info@nipponham.co.jp,日本ハム株式会社,,https://www.nipponham.co.jp/customer/,,nipponham.co.jp,auto_batch,2025-12-06T02:38:00.749486
info@kusanogumi.com,株式会社草野組,〒859-6121　長崎県佐世保市江迎町奥川内253番地13,https://kusanogumi.com/company/,工務店・リフォーム,kusanogumi.com,auto_batch,2025-12-06T02:38:31.347122
info@umemotokenchiku.com,株式会社梅本建築,,http://umemotokenchiku.com/inquiry.php,工務店・リフォーム,umemotokenchiku.com,auto_batch,2025-12-06T02:38:34.814358
info@sanyofudousan.com,三陽不動産株式会社,〒664-0861　兵庫県伊丹市稲野町1丁目16-16,https://www.sanyofudousan.com/company/,不動産,sanyofudousan.com,auto_batch,2025-12-06T02:38:54.047780
info@tokyo-fur-boutique.com,株式会社トウモウ,〒103-0004　東京都中央区東日本橋3-5-11,http://www.tokyo-fur-boutique.com/sp/company/,不動産,tokyo-fur-boutique.com,auto_batch,2025-12-06T02:38:56.599476
info@iris-ceremony.co.jp,アイリスセレモニー株式会社,〒252-0156　神奈川県相模原市緑区青山989-1,https://www.iris-ceremony.co.jp/company/,葬儀,iris-ceremony.co.jp,auto_batch,2025-12-06T02:39:10.377584
info@dentsu-ip.co.jp,株式会社電通イノベーションパートナーズ,,https://www.dentsu-ip.co.jp/sitepolicy/,,dentsu-ip.co.jp,auto_batch,2025-12-06T02:39:23.858959
info@asno-sys.co.jp,アスノシステム株式会社,,https://asno-sys.co.jp/news/detail/?id=20250321,,asno-sys.co.jp,auto_batch,2025-12-06T02:40:11.344856
support@bankers.co.jp,株式会社バンカーズ・クラウドクレジット・ファンディング,東京都中央区日本橋茅場町1-8-1 茅場町一丁目平和ビル8階,https://www.bankers.co.jp/fund/detail/4243,不動産,bankers.co.jp,auto_batch,2025-12-06T02:40:14.817172
info@chuden.co.jp,中部電力株式会社,愛知県名古屋市中村区名駅南1丁目1番1号,https://www.chuden.co.jp/resource/corporate/oshirase_20200110_y03.docx,不動産,chuden.co.jp,auto_batch,2025-12-06T02:40:19.959855
info@sportiff.co.jp,株式会社スポーティフ,,https://www.sportiff.co.jp/p/about/terms,,sportiff.co.jp,auto_batch,2025-12-06T02:41:58.318151
info@99chocolat.co.jp,スーパーフルットジャパン株式会社,東京都文京区本郷2-13-10 湯浅ビル１Ｆ,https://www.99chocolat.co.jp/p/notice/trans/,,99chocolat.co.jp,auto_batch,2025-12-06T02:42:00.495841
info@embryolisse.co.jp,株式会社アンブリオリス,,https://www.embryolisse.co.jp/p/about/terms,美容医療,embryolisse.co.jp,auto_batch,2025-12-06T02:42:05.110029
support@contact.agent-sk.com,株式会社SKIYAKI,〒150-0043 東京都渋谷区道玄坂二丁目25番12号 道玄坂通 dogenzaka-dori 7階,https://z.albirex.co.jp/about/law,,z.albirex.co.jp,auto_batch,2025-12-06T02:42:10.291591
info@toyoag.co.jp,トーヨー企画株式会社,"〒274-0072
千葉県船橋市三山３丁目２８番１０号
〒102-0072
東京都千代田区飯田橋1-5-8 アクサンビル2F",https://www.toyoag.co.jp/toyoaghp/tokusho/,,toyoag.co.jp,auto_batch,2025-12-06T02:43:24.831133
info@osakada.co.jp,株式会社　小坂田建設,"〒709-3112
岡山県岡山市北区建部町川口1417",https://www.osakada.co.jp/law/,工務店・リフォーム,osakada.co.jp,auto_batch,2025-12-06T02:43:30.554681
info@kumon-lt.co.jp,株式会社公文教育研究会,大阪府大阪市淀川区西中島5丁目6番6号　公文教育会館,https://brain-training.kumon.co.jp/terms/tokushoho,,brain-training.kumon.co.jp,auto_batch,2025-12-06T02:43:33.023330
info@online.ecc.co.jp,株式会社ＥＣＣ,"〒530-0044
大阪府大阪市北区東天満1-10-20　ＥＣＣ本社ビル",https://online.ecc.co.jp/rules/expression.php,空文字,online.ecc.co.jp,auto_batch,2025-12-06T02:43:35.739041
info@rokkotelecom.co.jp,六甲テレコム株式会社,651-0095 兵庫県神戸市中央区,https://rokkotelecom.co.jp/law.html,,rokkotelecom.co.jp,auto_batch,2025-12-06T02:43:38.248010
contact@e-kyouritsu.co.jp,株式会社協立,〒171-0043　東京都豊島区要町3-12-12大宏ビル5F,https://www.e-kyouritsu.co.jp/privacy/,,e-kyouritsu.co.jp,auto_batch,2025-12-06T02:44:21.234252
info@nishio-m.co.jp,株式会社　西尾硝子鏡工業所,東京都大田区大森北5-9-12,https://www.nishio-m.co.jp/company/profile/,工務店・リフォーム,nishio-m.co.jp,auto_batch,2025-12-06T02:44:33.125426
info@wingate.co.jp,株式会社ウィンゲート,京都府南丹市園部町佐切西垣内7番地,https://www.wingate.co.jp/company/,,wingate.co.jp,auto_batch,2025-12-06T02:44:41.164093
info@kirumonoya.co.jp,株式会社きるものや,〒338-0824 埼玉県さいたま市見沼区大字蓮沼613-1,https://www.kirumonoya.co.jp/company.html,,kirumonoya.co.jp,auto_batch,2025-12-06T02:44:47.634858
info@mineralsowa.co.jp,株式会社ミネラル創和,〒164-0003 東京都中野区東中野3-16-18-2F,https://mineralsowa.co.jp/company/,,mineralsowa.co.jp,auto_batch,2025-12-06T02:44:53.287561
info@fukucyo.co.jp,株式会社福彫,,https://fukucyo.co.jp/about,,fukucyo.co.jp,auto_batch,2025-12-06T02:45:38.020566
info@asahibeer.co.jp,アサヒビール株式会社,,https://www.asahibeer.co.jp/customer/post-239.html,飲料,asahibeer.co.jp,auto_batch,2025-12-06T02:46:44.343860
info@ntt-east.co.jp,NTT東日本株式会社,,http://account.id.ntt-east.co.jp/NTTIDPFOnG01/viefaq001/viefaq00101,,account.id.ntt-east.co.jp,auto_batch,2025-12-06T02:46:54.954570
info@settsu-estate.co.jp,摂津不動産株式会社,〒564-0027　大阪府吹田市朝日町5番32号　摂津ビル7F,https://settsu-estate.co.jp/company,不動産,settsu-estate.co.jp,auto_batch,2025-12-08T02:02:20.974464
info@to-place.co.jp,株式会社TO PLACE,東京都渋谷区恵比寿1-8-6 共同ビル7階,https://to-place.co.jp/about.html,不動産,to-place.co.jp,auto_batch,2025-12-08T02:02:40.104725
info@inter-sol.co.jp,インターソル株式会社,東京都中央区日本橋3-12-2 朝日ビルヂング２階,http://www.inter-sol.co.jp/profile3.html,不動産,inter-sol.co.jp,auto_batch,2025-12-08T02:02:49.267122
info@8463.co.jp,八代産業株式会社,青森県八戸市内丸一丁目6番4号,https://www.8463.co.jp/sp/company.php,不動産,8463.co.jp,auto_batch,2025-12-08T02:03:01.186232
browser-world@cello.ocn.ne.jp,株式会社ブラウザー　（ミサワホーム特約店）,〒542-0064 　大阪市中央区上汐2丁目4番6号,http://www.browser.co.jp/company/company.html,不動産,browser.co.jp,auto_batch,2025-12-08T02:03:14.659793
info@g-lic.co.jp,株式会社エルアイシー,,https://www.g-lic.co.jp/tenant/,不動産,g-lic.co.jp,auto_batch,2025-12-08T02:03:25.350426
info@kyoukoumuten.co.jp,株式会社京田工務店,〒583-0001 大阪府藤井寺市川北1丁目30-4,http://www.kyoukoumuten.co.jp/information,工務店・リフォーム,kyoukoumuten.co.jp,auto_batch,2025-12-08T02:03:46.580679
info@misawa.co.jp,東北ミサワホーム株式会社,宮城県仙台市宮城野区新田東3丁目5番地の1 ASMACI仙台TMビル3F,https://tohoku.misawa.co.jp/company/overview/overview.php,工務店・リフォーム,tohoku.misawa.co.jp,auto_batch,2025-12-08T02:04:10.695174
info@toyo-h.co.jp,東洋インテリアサービス株式会社,〒243-0816　神奈川県厚木市林3-18-9,https://www.toyo-h.co.jp/company/,工務店・リフォーム,toyo-h.co.jp,auto_batch,2025-12-08T02:04:13.602714
info@reborn-nagano.co.jp,株式会社Reborn（カブシキガイシャ リボーン）,〒381-2214　長野市稲里町田牧1327-7,https://reborn-nagano.co.jp/company/,工務店・リフォーム,reborn-nagano.co.jp,auto_batch,2025-12-08T02:04:41.216176
takeuchi@takeuchi-koumuten.co.jp,株式会社竹内工務店,〒123-0851　東京都足立区梅田六丁目13番3号,https://takeuchi-koumuten.co.jp/sitepolicy/,工務店・リフォーム,takeuchi-koumuten.co.jp,auto_batch,2025-12-08T02:04:44.670446
info@aiyojuken.com,株式会社愛洋住建,"〒494-0001
愛知県一宮市開明字大橋北１７－２",https://aiyojuken.com/contact-2,工務店・リフォーム,aiyojuken.com,auto_batch,2025-12-08T02:05:36.912290
info@himawari-ca.com,株式会社 ケアサポート,〒050-0082北海道室蘭市寿町1-19-14,https://himawari-ca.com/about/index.html,介護施設,himawari-ca.com,auto_batch,2025-12-08T02:06:03.011521
hpmail@delife.co.jp,株式会社ディライフ,富山県富山市開653-1,http://www.delife.co.jp/policy.html,介護施設,delife.co.jp,auto_batch,2025-12-08T02:06:59.721449
contact@hosoe-tax.com,名古屋総合税理士法人,〒460-0003　名古屋市中区錦三丁目15番15号 CTV錦ビル5階(受付)・7階(セミナールーム),https://nagoyasougou.com/about/,士業法人,nagoyasougou.com,auto_batch,2025-12-08T02:07:33.254202
info@eyes-tax.com,税理士法人 眼税理士事務所,東京都台東区上野5-15-17,http://www.eyes-tax.com/page2.html,士業法人,eyes-tax.com,auto_batch,2025-12-08T02:07:38.181151
miyamoto@miyamo-tax.com,税理士法人宮本会計事務所　横浜事務所,〒226-0015 神奈川県横浜市緑区三保町2069-1セトル中山202号室,http://www.miyamo-tax.com/index.php?%E4%BA%8B%E5%8B%99%E6%89%80%E6%A6%82%E8%A6%81,士業法人,miyamo-tax.com,auto_batch,2025-12-08T02:07:44.048238
info@takai-ac.com,税理士法人タカイ会計,名古屋市中村区名駅5-5-22 名駅ＤＨビル6F,https://takai-ac.com/5356665959,士業法人,takai-ac.com,auto_batch,2025-12-08T02:07:54.318940
rands@mbn.nifty.com,社会保険労務士法人 R&S協働事務所,〒310-0853　水戸市平須町1822-200,https://rs-office.jp/info/,士業法人,rs-office.jp,auto_batch,2025-12-08T02:08:53.624139
yuki@ishizuka-office.jp,司法書士法人石塚事務所,〒445-0852 愛知県西尾市花ノ木町1丁目18番地 エイトビル4階,https://ishizuka-office.jp/article/14106166.html,士業法人,ishizuka-office.jp,auto_batch,2025-12-08T02:08:57.354932
info@link-we.jp,司法書士法人リンク・渡辺行政書士事務所,〒550-0004 大阪市西区靱本町１丁目４番２号 プライム本町ビル５階,https://link-we.jp/17044312402725,士業法人,link-we.jp,auto_batch,2025-12-08T02:09:00.537439
info@hlegal-office.jp,ARO司法書士法人,〒950-0916 新潟市中央区米山4丁目1番23号米山Nビルディング4F,https://hlegal-office.jp/sample-page/,士業法人,hlegal-office.jp,auto_batch,2025-12-08T02:09:06.867211
info@odagiri-office.jp,司法書士法人小田桐事務所,〒170-0013 東京都豊島区東池袋3-15-2-701 ライオンズマンション池袋,http://www.odagiri-office.jp/category/1162184.html,士業法人,odagiri-office.jp,auto_batch,2025-12-08T02:09:09.522639
keieisoudan@hokkaido-sk.co.jp,株式会社しんきん北海道金融センター,〒060-0809　札幌市北区北9条西4丁目13番地　北海道信用金庫北口ビル1F,https://www.shinkin.co.jp/hokkaido/aboutus/09aboutus.php,,shinkin.co.jp,auto_batch,2025-12-08T02:09:31.679129
info@honu-p.co.jp,ホヌパートナーズ株式会社,,https://honu-p.co.jp/company/,,honu-p.co.jp,auto_batch,2025-12-08T02:09:35.299838
info@01douga.co.jp,株式会社 丸壱動画,東京都 中央区 日本橋本町 4-11-5 住友不動産日本橋本町ビル 3F,https://www.01douga.co.jp/about/,,01douga.co.jp,auto_batch,2025-12-08T02:09:42.251013
info@nskw.co.jp,西川計測株式会社,,https://www.nskw.co.jp/company/overview/,,nskw.co.jp,auto_batch,2025-12-08T02:10:40.049859
info@kepco.co.jp,関西電力株式会社,,https://www.kepco.co.jp/corporate/info/community/,電力,kepco.co.jp,auto_batch,2025-12-08T02:11:57.846761
info@hulic.co.jp,ヒューリック株式会社,,https://www.hulic.co.jp/contact/,不動産,hulic.co.jp,auto_batch,2025-12-08T02:12:07.042206
info@nrg.co.jp,日建リース工業株式会社,,https://www.nrg.co.jp/nikkenlease/corporate/outline,不動産,nrg.co.jp,auto_batch,2025-12-08T02:12:31.431447
aichi-di-matching@mizuho-rt.co.jp,みずほリサーチ&テクノロジーズ株式会社,,https://www.mizuho-rt.co.jp/business/biz/pmo0260/index.html,,mizuho-rt.co.jp,auto_batch,2025-12-08T02:13:17.814486
info@daikenkagaku.co.jp,株式会社大建化学,愛知県豊川市新桜町通3丁目30番地5,http://daikenkagaku.co.jp/contact/,,daikenkagaku.co.jp,auto_batch,2025-12-08T02:13:44.684385
info@kyogoku.co.jp,京極運輸商事株式会社,,https://www.kyogoku.co.jp/business/inquiries/,,kyogoku.co.jp,auto_batch,2025-12-08T02:13:57.689591
info@ss-eng.co.jp,写測エンジニアリング株式会社,〒543-0001 大阪府大阪市天王寺区上本町三丁目2番15号,https://www.ss-eng.co.jp/contact/,,ss-eng.co.jp,auto_batch,2025-12-08T02:14:14.895289
sales@zaihon.co.jp,日本財務翻訳株式会社,東京都港区浜松町1-18-16 住友浜松町ビル2F,https://www.zaihon.co.jp/business/price.html,,zaihon.co.jp,auto_batch,2025-12-08T02:14:16.949216
info@hofu-rp.co.jp,防府地域振興株式会社,〒747-0035 山口県防府市栄町1-5-1 ルルサス防府2F,https://www.hofu-rp.co.jp/company/access.html,不動産,hofu-rp.co.jp,auto_batch,2025-12-08T02:14:38.307610
info@rakuten-bank.co.jp,楽天銀行株式会社,,https://www.rakuten-bank.co.jp/support/contact/contact.html,,rakuten-bank.co.jp,auto_batch,2025-12-08T02:15:02.163717
info@usaco.co.jp,ユサコ株式会社,,https://www.usaco.co.jp/endnote/inquiry.html,,usaco.co.jp,auto_batch,2025-12-08T02:15:04.690449
info@well-on.co.jp,株式会社ウエルオン,愛知県名古屋市千種区千種二丁目1番28号,https://www.well-on.co.jp/CI-6.html,,well-on.co.jp,auto_batch,2025-12-08T02:15:20.012861
oc8cy@nitto-ntl.co.jp,日東物流株式会社,〒559‐0031 大阪市住之江区南港東9丁目2-97,https://www.nitto-ntl.co.jp/company/department/,不動産,nitto-ntl.co.jp,auto_batch,2025-12-08T02:16:53.212024
contact@bycom.co.jp,株式会社バイコム,〒135-0041 東京都江東区冬木11番17号 イシマビル,https://www.bycom.co.jp/contact.php,レンタル＆リース,bycom.co.jp,auto_batch,2025-12-08T02:22:59.549866
info@suzuki-tkns.co.jp,スズキテクノス株式会社,東京都江東区大島1-8-6,http://www.suzuki-tkns.co.jp/form.php,,suzuki-tkns.co.jp,auto_batch,2025-12-08T02:23:01.673140
info@iuc-rs.co.jp,IUCレジデンシャルサポート合同会社,"〒103-0011
東京都中央区日本橋大伝馬町1番4号",https://www.iuc-rs.co.jp/privacy/,,iuc-rs.co.jp,auto_batch,2025-12-08T02:23:38.290108
info@archnext.co.jp,アーチネクスト株式会社,,https://www.archnext.co.jp/bm.php?mode=pc,,archnext.co.jp,auto_batch,2025-12-08T02:23:42.323107
info@yabassetdesign.co.jp,アセッツデザイン株式会社,東京都葛飾区金町5-24-12　イースタイル金町１Ｆ,http://assets-design.co.jp/,不動産,assets-design.co.jp,auto_batch,2025-12-08T02:23:44.415786
info@halmek.co.jp,株式会社ハルメク,〒162-0825　東京都新宿区神楽坂四丁目1番1号　オザワビル,https://magazine.halmek.co.jp/terms/law/,,magazine.halmek.co.jp,auto_batch,2025-12-08T02:23:49.186755
info@secondhand.co.jp,リユースファクトリー株式会社,,http://www.secondhand.co.jp/contact/,不動産,secondhand.co.jp,auto_batch,2025-12-08T02:23:51.044226
info@bornelund.co.jp,ボーネルンド株式会社,東京都千代田区神田小川町3-28,https://kidokid.bornelund.co.jp/contact/,空文字,kidokid.bornelund.co.jp,auto_batch,2025-12-08T02:24:02.719834
info@relic.co.jp,株式会社Relic,,https://relic.co.jp/contact/,,relic.co.jp,auto_batch,2025-12-08T02:24:55.670891
info@tokyokisen.co.jp,東京汽船株式会社,神奈川県横浜市中区山下町2番地 産業貿易センタービル,http://www.tokyokisen.co.jp/company/contact.html,,tokyokisen.co.jp,auto_batch,2025-12-08T02:25:01.571808
info@yamaneseiki.co.jp,株式会社山根精機,〒811-3133　福岡県古賀市青柳町330番地1,https://yamaneseiki.co.jp/contact,,yamaneseiki.co.jp,auto_batch,2025-12-08T02:25:04.362294
privacy@adaptive.co.jp,アダプティブ株式会社,〒150-0043 東京都渋谷区道玄坂一丁目21番1号 SHIBUYA SOLASTA 3F,https://adaptive.co.jp/contact/,,adaptive.co.jp,auto_batch,2025-12-08T02:25:11.301774
info@zacros.co.jp,ZACROS株式会社,,https://www.zacros.co.jp/contact/,,zacros.co.jp,auto_batch,2025-12-08T02:26:19.643955
inveストア@daj.co.jp,デジタルアーツ株式会社,,http://www.daj.co.jp/contact/,,daj.co.jp,auto_batch,2025-12-08T02:26:21.573351
info@otics.co.jp,株式会社オティックス,,https://www.otics.co.jp/english_contact/,,otics.co.jp,auto_batch,2025-12-08T02:26:27.850294
info@mls.s-takaya.co.jp,エスタカヤ電子工業株式会社,"3121-1 Satomi, Satosho-cho, Asakuchi-gun, Okayama Prefecture 719-0301, Japan",https://www.s-takaya.co.jp/en/company/introduction/,,s-takaya.co.jp,auto_batch,2025-12-08T02:26:45.359547
119@gsx.co.jp,グローバルセキュリティエキスパート株式会社,,https://www.gsx.co.jp/casestudy/kel_001.html,,gsx.co.jp,auto_batch,2025-12-08T02:27:36.518306
info@trusco.co.jp,トラスコ中山株式会社,,https://www.trusco.co.jp/ir/mail/,,trusco.co.jp,auto_batch,2025-12-08T02:27:38.391919
info@houraisen.co.jp,関谷醸造株式会社,愛知県北設楽郡設楽町田口字町浦22,https://www.houraisen.co.jp/ja/mailmagazine.html,,houraisen.co.jp,auto_batch,2025-12-08T02:27:47.092003
info@j-creas.com,株式会社日本クレアスBPOサポート,〒567-0032 大阪府茨木市西駅前町5番1号　京都銀行茨木ビル4F,https://ebisu-support.co.jp/company/,,ebisu-support.co.jp,auto_batch,2025-12-08T02:27:53.930956
jane@dobun.co.jp,株式会社 同文書院,〒112-0002　東京都文京区小石川5-24-3,https://www.dobun.co.jp/JANE/contact_us.html,,dobun.co.jp,auto_batch,2025-12-08T02:28:20.147862
info@tohoku-epco.co.jp,東北電力株式会社,,https://www.tohoku-epco.co.jp/toiawas/,,tohoku-epco.co.jp,auto_batch,2025-12-08T02:28:22.193719
tg-somu@his-world.com,株式会社エイチ・アイ・エス,,https://www.his.co.jp/company/inquiry/,,his.co.jp,auto_batch,2025-12-08T02:28:30.708266
info@skylark.co.jp,株式会社すかいらーく,,https://www2.skylark.co.jp/inquiry/form.php?contact_type=1,,www2.skylark.co.jp,auto_batch,2025-12-08T02:28:34.690503
info@tlt.co.jp,株式会社Toshiba Lighting & Technology,神奈川県横浜市鶴見区駒岡4-1-1,https://www.tlt.co.jp/tlt/contact/contact.htm,照明,tlt.co.jp,auto_batch,2025-12-08T02:28:37.109883
info@central.co.jp,株式会社セントラルスポーツ,,https://www.central.co.jp/inquiry/,フィットネス,central.co.jp,auto_batch,2025-12-08T02:28:41.371310
info@sagamiharashishakyo.or.jp,社会福祉法人相模原市社会福祉協議会,〒252-0236　神奈川県相模原市中央区富士見6-1-20　あじさい会館内,https://www.sagamiharashishakyo.or.jp/aboutus/,社会福祉法人,sagamiharashishakyo.or.jp,auto_batch,2025-12-08T02:30:03.168456
info@seewall.jp,景観技術株式会社,,https://www.cdit.or.jp/minkan_a/popup.php?nc=14003,,cdit.or.jp,auto_batch,2025-12-08T02:32:05.904735
info@suyamalumber.co.jp,スヤマ木材株式会社,693-0006 鳥取県境港市上道139,http://www2.crosstalk.or.jp/fudosan/company/index.html,不動産,www2.crosstalk.or.jp,auto_batch,2025-12-08T02:32:20.501205
info@choshinet.or.jp,銚子インターネット株式会社,〒288-0041 千葉県銚子市中央町12番地13,https://www.choshinet.or.jp/services/domain.html,,choshinet.or.jp,auto_batch,2025-12-08T02:33:21.806251
info@apionet.or.jp,株式会社アピオン,〒682-0023　鳥取県倉吉市山根540-6 パープルビル2 1F,https://www.apionet.or.jp/isp/option/change.html,インターネット,apionet.or.jp,auto_batch,2025-12-08T02:33:27.638025
info@systemrun.co.jp,株式会社 システムラン,〒917-0026 福井県小浜市多田第1号5番地の31,https://systemrun.co.jp/inquiry4,,systemrun.co.jp,auto_batch,2025-12-08T02:35:16.064265
info@honda-tekko.co.jp,本田鉄工株式会社,〒920-0376　石川県金沢市福増町南14,https://honda-tekko.co.jp/contact/index.html,,honda-tekko.co.jp,auto_batch,2025-12-08T02:35:18.876089
info@tips-system.co.jp,TIPSシステム株式会社,〒530-0044 大阪府大阪市北区東天満1-6-6 オーセンビル301A,https://tips-system.co.jp/contact.html,,tips-system.co.jp,auto_batch,2025-12-08T02:35:28.431602
info@shimaseiki.co.jp,株式会社島精機製作所,,https://www.shimaseiki.co.jp/inquiry/before/,,shimaseiki.co.jp,auto_batch,2025-12-08T02:35:41.127153
info@topcard.co.jp,東急カード株式会社,,https://www.topcard.co.jp/inquiry/,,topcard.co.jp,auto_batch,2025-12-08T02:35:49.394954
info@sonysonpo.co.jp,ソニー損保株式会社,東京都港区港南1丁目7番1号,https://www.sonysonpo.co.jp/inq/inq_fire.html,,sonysonpo.co.jp,auto_batch,2025-12-08T02:36:14.014058
info@mybook.co.jp,マイブック株式会社,,https://www.mybook.co.jp/inquiry/,不動産,mybook.co.jp,auto_batch,2025-12-08T02:36:31.207794
info@fng.or.jp,一般財団法人国民公園協会,〒160-0014 東京都新宿区内藤町11番地,https://fng.or.jp/shinjuku/contact/,,fng.or.jp,auto_batch,2025-12-08T02:36:59.915399
info@tenhama.co.jp,天竜浜名湖鉄道株式会社,〒431-3311 静岡県浜松市天竜区二俣町阿蔵114番地の2,https://www.tenhama.co.jp/contacts/,,tenhama.co.jp,auto_batch,2025-12-08T02:37:17.462733
solution@kistem.co.jp,キステム株式会社,〒520-0047 滋賀県大津市浜大津1丁目4-12,https://www.kistem.co.jp/contents_detail.php?frmId=371,,kistem.co.jp,auto_batch,2025-12-08T02:38:28.064876
eb_center@ashikagabank.co.jp,株式会社 足利銀行,,https://www.ashikagabank.co.jp/hojin/efficiency/eb/internet/h_124.html,,ashikagabank.co.jp,auto_batch,2025-12-08T02:39:36.348927
info@db.18shinwabank.co.jp,株式会社十八親和銀行,,https://www.18shinwabank.co.jp/faq/category04/subcategory405/page_008538.html,,18shinwabank.co.jp,auto_batch,2025-12-08T02:40:07.474837
tech@awapaper.co.jp,阿波製紙株式会社,,https://www.awapaper.co.jp/info/,不動産,awapaper.co.jp,auto_batch,2025-12-08T02:40:12.485174
info@abbott.co.jp,アボットジャパン株式会社,東京都港区赤坂1-9-13,https://www.abbott.co.jp/contact.html,,abbott.co.jp,auto_batch,2025-12-08T02:40:15.258232
info@hitachi.com,株式会社日立製作所,東京都千代田区丸の内1-6-6,https://www.hitachi.co.jp/support/inquiry/,空文字,hitachi.co.jp,auto_batch,2025-12-08T02:40:38.925154
info@rakuten-sec.co.jp,楽天証券株式会社,,https://www.rakuten-sec.co.jp/web/support/contact/,証券,rakuten-sec.co.jp,auto_batch,2025-12-08T02:40:52.017820
info@jusikiriuri.com,株式会社ミクロ,〒533-0032　大阪府大阪市東淀川区淡路5-17-11,https://www.jusikiriuri.com/company/,,jusikiriuri.com,auto_batch,2025-12-08T02:41:12.106269
info@iwamaru.com,株式会社岩丸産業,〒814-0175　福岡県福岡市早良区田村4丁目8番23号,http://www.iwamaru.com/company/,,iwamaru.com,auto_batch,2025-12-08T02:41:14.873752
info@bigger-co.com,株式会社ビガーコーポレーション,神奈川県川崎市中原区丸子通2-707-9,https://www.bigger-co.com/company/,,bigger-co.com,auto_batch,2025-12-08T02:41:17.471297
info@thn-eco.com,THN株式会社,〒921-8041　石川県金沢市泉3-1-6（ハクトービル１F）,https://thn-eco.com/,環境機器,thn-eco.com,auto_batch,2025-12-08T02:41:27.865134
info@yanagiya-co.jp,株式会社柳屋コーポレーション,〒114-0002　東京都北区王子１丁目21-10　柳屋ビル7階,http://www.yanagiya-co.jp/company/,不動産,yanagiya-co.jp,auto_batch,2025-12-08T02:41:38.794876
info@hikarimiso.co.jp,ひかり味噌株式会社,長野県諏訪郡下諏訪町4848-1,https://www.hikarimiso.co.jp/privacy/,,hikarimiso.co.jp,auto_batch,2025-12-08T02:41:48.247892
info@tk-a.com,株式会社　TKアーキテクト,"〒451-0061
愛知県名古屋市西区浄心2-1-6
ソブエビル202",https://www.tk-a.co.jp/company,工務店・リフォーム,tk-a.co.jp,auto_batch,2025-12-08T02:41:50.935557
info@benesse.co.jp,株式会社ベネッセコーポレーション,岡山県岡山市北区下石井2丁目1-1,https://www.benesse.co.jp/customer/measure1_2.html,,benesse.co.jp,auto_batch,2025-12-08T02:43:05.944968
info@importrossa.co.jp,株式会社インポートロッサ,,https://store.importrossa.co.jp/p/about/terms,,store.importrossa.co.jp,auto_batch,2025-12-08T02:43:26.933545
support@iconia.co.jp,アイコニア・ホスピタリティ株式会社,〒106-6141 東京都港区六本木六丁目10番1号 六本木ヒルズ森タワー41階,https://iconia.co.jp/specified-commercial-transaction,,iconia.co.jp,auto_batch,2025-12-08T02:43:29.954099
info@tac-sports.co.jp,株式会社東京アスレティッククラブ,東京都中野区中野2丁目14番16号,https://www.tac-sports.co.jp/commerce/,,tac-sports.co.jp,auto_batch,2025-12-08T02:43:33.876131
info@moonbat.co.jp,ムーンバット株式会社,京都市下京区室町通四条南入鶏鉾町493番地,https://shop.moonbat.co.jp/guide/tokutei/,,shop.moonbat.co.jp,auto_batch,2025-12-08T02:43:41.387166
jhrs2026@ace-enterprise.co.jp,株式会社 ACEエンタープライズ,〒102-0073 東京都千代田区九段北4‒2‒28  NF九段2階,https://www.ace-enterprise.co.jp/jhrs2026/contents/tokusho.html,,ace-enterprise.co.jp,auto_batch,2025-12-08T02:43:44.131482
info@chitech.co.jp,株式会社カイテクノロジー,東京都新宿区内藤町87 大木戸庁舎6階,https://chitech.co.jp/tradelaw/,,chitech.co.jp,auto_batch,2025-12-08T02:43:48.571888
eigyou@honeston.co.jp,オネストン株式会社,名古屋市天白区池場三丁目501-2,https://honeston.co.jp/law/,,honeston.co.jp,auto_batch,2025-12-08T02:43:50.635498
info@ri8.co.jp,株式会社リハチヤ,三重県伊勢市小俣町宮前80-1,http://www.ri8.co.jp/law.html,,ri8.co.jp,auto_batch,2025-12-08T02:44:03.880578
staff@chizukyu.co.jp,智頭急行株式会社,"〒689-1402
鳥取県八頭郡智頭町智頭2052-1",https://www.chizukyu.co.jp/shop/info.cgi?acc=infomation,,chizukyu.co.jp,auto_batch,2025-12-08T02:44:12.586806
info@kyutech-arise.cp.jp,株式会社Kyutech ARISE,〒820-8502福岡県飯塚市川津680-4,https://www.kyutech-arise.co.jp/law/,,kyutech-arise.co.jp,auto_batch,2025-12-08T02:44:16.332695
support@shaktimat.co.jp,株式会社 シャクティジャパン,,https://shaktimat.co.jp/pages/about,,shaktimat.co.jp,auto_batch,2025-12-08T02:45:19.896146
info@osakimedical.co.jp,オオサキメディカル株式会社,"〒452-0812
愛知県名古屋市西区玉池町203番地",https://store.osakimedical.co.jp/shop/pages/company.aspx,医療法人,store.osakimedical.co.jp,auto_batch,2025-12-08T02:45:22.621205
info@nmc-van.co.jp,株式会社 エヌエムシイ,"〒164-0012
東京都中野区本町2-46-1　
中野坂上サンブライトツイン 26F",https://www.nmc-van.co.jp/company/profile.html,士業法人,nmc-van.co.jp,auto_batch,2025-12-08T02:45:25.326517
astec@ast-c.co.jp,株式会社アステックコンサルティング,〒532-0011 大阪市淀川区西中島3-23-16（セントランドビル8Ｆ）,https://www.ast-c.co.jp/aboutus/company.html,,ast-c.co.jp,auto_batch,2025-12-08T02:45:39.741579
clio-obi.chk04@honda-auto.ne.jp,株式会社ホンダクリオ帯広,〒080-2462 帯広市西22条北1-12-32,https://dealer.honda.co.jp/hondacars-obihirochuo/company/,不動産,dealer.honda.co.jp,auto_batch,2025-12-08T02:45:42.808488
lub@k-pac.co.jp,株式会社パシフィック,,https://www.k-pac.co.jp/contact/,,k-pac.co.jp,auto_batch,2025-12-08T02:45:44.490281
info@904n.co.jp,有限会社ライフ・アシスト,〒610-0313　京都府京田辺市三山木中央6-5-8,https://www.904n.co.jp/contact,介護施設,904n.co.jp,auto_batch,2025-12-08T02:45:53.924779
info@axa-direct.co.jp,アクサ損害保険株式会社,,https://www.axa-direct.co.jp/bike/contractor/change_contract/change_telephone.html,保険,axa-direct.co.jp,auto_batch,2025-12-08T02:46:18.589669
info@exs-annex.co.jp,株式会社イクズアネックス,,http://www.exs-annex.co.jp/company/privacy/,,exs-annex.co.jp,auto_batch,2025-12-08T02:46:20.656504
info@tsr-net.co.jp,株式会社東京商工リサーチ,,https://www.tsr-net.co.jp/data/detail/1200872_1527.html,,tsr-net.co.jp,auto_batch,2025-12-08T02:46:29.066446
