氏名,E-Mail,,,
もりお歯科,info@morio-dental.com,,,
グレイスデンタルクリニック,gracedentalclinic@ahk.jp,,,
柴田ファミリー歯科,mail@familydental-ishigaki.com,,,
よなみね歯科,osamuy@woody.ocn.ne.jp,,,
さき山歯科クリニック,sdc.1001@gold.ocn.ne.jp,,,
にしひら歯科クリニック,info@nishihirashika.jp,,,
サザン歯科まえだ,kouwakai7@hb.tp.jp,,,
つがやす歯科こども歯科,info@tsuga-yasushika.jp,,,
あらかわデンタルクリニック,info@arakawa-dc-okinawa.com,,,
よつば小児・矯正歯科,yotsuba-d@vesta.ocn.ne.jp,,,
エム・エム歯科クリニック,matayoshi@yoi-ha.net,,,
豊崎デンタルクリニック,toyosakidc@yahoo.co.jp,,,
しおはま歯科医院,qwt00260@nifty.ne.jp,,,
なんじぃデンタルクリニック,tukaisutein2014@yahoo.co.jp,,,
野々山歯科,nonoyamakazu@yahoo.co.jp,,,
こばやし矯正歯科,ortho@chura-smile.com,,,
上原歯科クリニック,uehar.dc@nirai.ne.jp,,,
たから歯科,takadent.m@ii-okinawa.ne.jp,,,
ハンビー歯科クリニック,hamby2006@yahoo.co.jp,,,
よつ葉歯科,yotuba．dental．clinic@shore．ocn．ne．jp,,,
よなは歯科クリニック,yonadent@yonahashika.com,,,
アロハ・デンタルクリニック,alohaisai.dental@gmail.com,,,
ヒロ歯科クリニック,hiro_shika_clinic@yahoo.co.jp,,,
まじきな歯科クリニック,m-maji@mco.ne.jp,,,
上田歯科医院,ueda@sun.ocn.ne.jp,,,
しおみ歯科医院,siomi-dc@hop.ocn.ne.jp,,,
協同にじクリニック,nijiclinic@tea.ocn.ne.jp,,,
はごろもファミリー歯科,hagoromofamilydentalclinic@yahoo.co.jp,,,
那覇まかび歯科,naha-makabidental@wonder.ocn.ne.jp,,,
ちはる歯科クリニック,info@chiharudental.com,,,
たかみね歯科クリニック,info@takaminedc.jp,,,
安谷屋歯科医院,adaniya.dental.clinic@gmail.com,,,
松川歯科医院,web@matsukawa-shika.net,,,
CALLA矯正歯科クリニック,calla.ortho@gmail.com,,,
SAKUデンタルクリニック,system@dentamap.jp,,,
おかもと歯科医院,admin@okamoto.site　,,,
かのや歯科・矯正歯科クリニック,kanoyadental@onishika.com,,,
さくら木歯科医院,sakuragishika@sakuragishika.com,,,
さこなか歯科,tsakonak@orange.ocn.ne.jp,,,
クロダ歯科,kurodashika.amami@gmail.com,,,
マコト歯科医院,toiawase@makoto-dental.com,,,
医療法人 イーノ矯正歯科クリニック,info@iino-kyousei.kagoshima.jp,,,
医療法人 永山歯科医院,yoyakukyousei2017@gmail.com,,,
医療法人晴花会　よしもり歯科医院,yoshimori@bc.wakwak.com,,,
山形屋歯科,info@yamagataya-sika.jp,,,
岩田歯科医院,info@iwatadental.jp,,,
松下歯科,mdental@bronze.ocn.ne.jp,,,
瀬戸口たかし歯科,tsetogu@po3.synapse.ne.jp,,,
元島歯科クリニック,motojima7@hotmail.com,,,
今泉歯科医院,info@imaizumishika.com,,,
おのはら歯科医院,info@onohara-dc.com,,,
こんどう矯正歯科,info@kondokyousei.com,,,
佐賀さくら歯科親子歯科クリニック,info@sagasakura.com,,,
つかもと歯科・小児歯科医院,tukamoto.ht8020@gmail.com,,,
なりとみ歯科,contact@naritomidental.jp,,,
みやべ歯科クリニック,info@dental-city.com,,,
北城内ひろこ歯科クリニック,takasaki.hiroko@ivory.plala.or.jp,,,
ふるの歯科医院,full@mx21.tiki.ne.jp,,,
医療法人 おおたわ歯科医院,info@ootawa-dc.com,,,
天神南矯正診療歯科,info@tenjinminami-dental.jp,,,
まつき歯科医院,info@matsuki-shika.com,,,
医療法人 松友歯科クリニック,tn0411@icloud.com,,,
タマダ歯科,info@tamada-shika.com,,,
医療法人白愛会 白石歯科医院,d-shiraishi@chcp.jp,,,
束本歯科医院,info@tukamoto-shika.com,,,
ブライト歯科クリニック,info＠imabari-bright-dental.com,,,
こもだデンタルオフィス宮原,yoshihiro.komoda@gmail.com,,,
医療法人　たおか歯科クリニック,info@taoka-dc.or.jp,,,
川原歯科医院,info@kawahara-dc.jp,,,
奈良井歯科医院,narai-dental@shirt.ocn.ne.jp,,,
中西歯科医院,Nakanishi.dentalclinic@outlook.jp,,,
へいしま歯科ファミリークリニック,awa@heishima-dental.com,,,
医療法人　安田歯科,katsu0808@hotmail.co.jp,,,
（医）きりの歯科クリニック,kirino-dental@chime.ocn.ne.jp,,,
近藤歯科医院,yosinogawa1944@gmail.com,,,
さとう歯科医院,spae6479@snow.ocn.ne.jp,,,
谷本歯科医院,info@tanimoto-shika.com,,,
やまさきデンタルクリニック,info@dc-yamasaki.com,,,
和田歯科クリニック,wdccs@wada-dc.jp,,,
COCO歯科,support@cocoshika.jp,,,
石丸歯科医院,ishimaru@yahoo.co.jp,,,
(医)小川歯科医院,ogawadc@mint.ocn.ne.jp,,,
奥野歯科医院,okuno@okuno-dc.info,,,
日下歯科婦人科医院,kusaka-dental.0801@vega.ocn.ne.jp,,,
医療法人　とみなが歯科医院,tjack@m3.dion.ne.jp,,,
はぐくみの森歯科クリニック,info@hagukuminomori.com,,,
益井歯科医院,masui.sika@h7.dion.ne.jp,,,
医療法人　浦田病院　歯科,info@uratahp.com,,,
医）おおさわ歯科医院,info@osawa-dc.com,,,
さいじょう歯科,saijo-dent@mb.pikara.ne.jp,,,
枡富歯科医院,info@masutomi-dental.jp,,,
松本歯科小児矯正歯科医院,mdc@h7.dion.ne.jp,,,
医療法人 安達歯科,tmj@mxi.netwave.or.jp,,,
藤崎矯正歯科クリニック,toiawase@fujisaki-kyousei.com,,,
いわさ矯正歯科,info@iwasa-kyosei.jp,,,
こうの歯科,kouno_dental@yahoo.co.jp,,,
近藤歯科,ganbazac@i.softbank.jp,,,
医療法人　すずき歯科,info@implant-suzuki.jp,,,
折原歯科医院,orihara@mug.biglobe.ne.jp,,,
川上矯正歯科クリニック,skawakami@opal.plala.or.jp,,,
スウェーデン歯科こくふ,sweden.dental.20190617@gmail.com,,,
ひがしやま歯科医院,hig-ha.2001.dc@cocoa.plala.or.jp,,,
マキ歯科医院,makidai0927@yahoo.co.jp,,,
横山歯科医院,info@yokoyamadc.com,,,
石橋歯科医院,haisya@md.pikara.ne.jp,,,
井上歯科診療所,dc-inoue@quartz.ocn.ne.jp,,,
きりん歯科クリニック,info@hamigakirin.com,,,
斎藤歯科,yoshi-s@kd5.so-net.ne.jp,,,
仲之町ニコニコKamKam歯科・矯正歯科,fukumotococo@yahoo.co.jp,,,
藤島歯科医院,jiro.f@mist.ocn.ne.jp,,,
三ツ井歯科医院,mitsuiagapedc@me.pikara.ne.jp,,,
米沢歯科クリニック,youshow@mf.pikara.ne.jp,,,
浦田歯科医院,urata-dc@mf.pikara.ne.jp,,,
医療法人　木下歯科医院,showtime100803@msn.com,,,
天真歯科矯正歯科,tenshin@fine.ocn.ne.jp,,,
岩浅歯科医院,iwasasikaiin@yahoo.co.jp,,,
タナベ歯科医院,tanabe@kirali.net,,,
医療法人社団 小西歯科医院,418@konishishika.net,,,
いちはら歯科クリニック,info@ichihara-dc.com,,,
井手口歯科医院,ideguchidc@gmail.com,,,
春日歯科クリニック,hrsp16340@nifty.com,,,
亀井歯科医院,info@kamei-dent.jp,,,
小西歯科医院,418@konishishika.net,,,
しもむら歯科医院,shimo220322@gmail.com,,,
谷口歯科医院,micro@tani8020,,,
鳥かい歯科医院,info@torikaidental.com,,,
永木歯科医院,nagaki＠nagakishika.com,,,
フレンズ歯科クリニック,info@friends-dental.com,,,
香川歯科医院,office@kagawa-dental.net,,,
藤本歯科医院,hag89810@ams.odn.ne.jp,,,
青田歯科,yoshio@aota-dental.com,,,
安部歯科医院,abekamon@gmail.com,,,
平田歯科医院,info@hirata-shika.jp,,,
たくま歯科医院,d-taku@niji.net,,,
うえのまち歯科,info@uenomachi-shika.com,,,
えびたに歯科医院,info@ebitani-dental.com,,,
かなだ歯科医院,qq7a6a7w9@gmail.com,,,
けんせい歯科クリニック,kensei@oita-iryou.coop,,,
猪野歯科クリニック,inoshikaclinic@gmail.com,,,
荒尾歯科医院,toiawase@shika-town.com,,,
鶴岡クリニック,kenshin@saiki-med.jp,,,
加藤歯科医院,info@kato.or.jp,,,
木原歯科医院,k3984nation@yahoo.co.jp,,,
ファミリー矯正歯科Kirara,f.k.s.kirara@gmail.com,,,
アルファ デンタルクリニック,marifu@poem.ocn.ne.jp,,,
いとう歯科クリニック,akifumi@c-able.ne.jp,,,
このはな歯科医院,konohanashika@gmail.com,,,
福田歯科医院,yudafukudashika@gmail.com ,,,
りえる矯正歯科,rielortho@gmail.com,,,
やまざき歯科医院,yamazaki.dental.clinic@gmail.com,,,
藤政病院 歯科,fujimasa.dental@gmail.com,,,
つじ歯科クリニック,tatsuo-tsuji@mx81.tiki.ne.jp,,,
生協小野田診療所歯科,onodashika@mx51.tiki.ne.jp,,,
山中医科歯科クリニック,info@nagomikai.net,,,
森野歯科医院,info@morino-shika.jp,,,
MBフレンド歯科,mbfriend0000@gmail.com,,,
八丁堀かわむら歯科,info@hatchobori-kawamurashika.com,,,
古川歯科医院,furukawashika@yahoo.co.jp,,,
コープ共立歯科,coopsika@urban.ne.jp,,,
ラベンダー歯科クリニック,info@lavender-dental.com,,,
くりはら歯科医院,kurihara.dent-c.0351@joy.ocn.ne.jp,,,
くまさ歯科医院,kumasa@c.do-up.com,,,
ブライトデンタルクリニック,bdc@kki.biglobe.ne.jp,,,
のざき歯科・東広島おとなこども矯正歯科,info@nozaki-dent.com,,,
イズミ歯科医院,info@mysite.co.jp,,,
医療法人社団敬崇会猪原［食べる］総合歯科医療クリニック,info@inohara-dental.net,,,
記念歯科西条,info@kinenshika.com,,,
河田歯科医院,mak@fineteeth.com,,,
医療法人社団義恵会土屋歯科医院,info@fukuyama-implant.com,,,
聖ケ丘歯科医院,hijirigaoka.dc@gmail.com,,,
まつお歯科医院,m.tomotaro39@docomo.ne.jp,,,
かしま歯科,hikashi@sky.megaegg.ne.jp,,,
医療法人社団ンバ歯科,nanbashika@ebony.plala.or.jp,,,
プルメリアデンタル オフィス,info@nakashima-dental.jp,,,
甲元歯科医院,komoto.dental.clinic@gaea.ocn.ne.jp,,,
三上歯科医院,mikamidentalclinic@yahoo.co.jp,,,
医療法人共愛会みやけ歯科医院,info@dental-miyake.jp,,,
福山東部歯科医院,info@fedc.co.jp,,,
まさき歯科クリニック,staffmasaki@yahoo.co.jp,,,
やお歯科クリニック,http://www.chukai.ne.jp/~myaon80/mail.html,,,
一般社団法人鳥取県歯科医師会,kenshi@ttrda.jp,,,
医療法人 木本歯科医院,justtk8118@tkkdc.com,,,
堀内歯科医院 ,horidc@hal.ne.jp,,,
まった歯科,mattashika@gmail.com,,,
かしわじま歯科・小児歯科,kasiwadc@gmail.com,,,
あおぞら歯科クリニック,dental_gentoku@yahoo.co.jp,,,
あかざわ歯科クリニック,info@akazawa-dtc.com,,,
足立歯科クリニック,info@dental-adachi.com,,,
石津歯科・矯正歯科クリニック,info@ishizu-shika.com,,,
いのうえ歯科医院,info@inoue-sika.com,,,
うえむら歯科医院,uemurashika@kind.ocn.ne.jp,,,
小野歯科医院,info@ono-shika.net,,,
オレンジ歯科クリニック,e-mailyoyaku@orange.megaegg.ne.jp,,,
片山歯科医院,info@katayama-dental.jp,,,
きずな歯科クリニック,info@kizuna-dent.com,,,
北長瀬こども矯正歯科,system@dentamap.jp,,,
吉川歯科医院,ahope@mx1.tamatele.ne.jp,,,
くわき矯正歯科クリニック,toiawase@kuwaki-kyousei.com,,,
（医）六峯会　近藤歯科医院,kondo@mutu.jp,,,
さくらデンタルクリニック,info@sakuradc.jp,,,
さくらみち歯科クリニック,info@sakuramichi-shika.com,,,
ささき矯正歯科クリニック,sasa-p@alpha.ocn.ne.jp,,,
雀部歯科医院,shika@sasabe.com,,,
さとう歯科クリニック,info@satoshika-senoo.com,,,
さんさん歯科医院,ryu@shibainu-otani.com,,,
須藤歯科診療所,info@s-dental.cc,,,
せのおファミリー歯科,xeno71982@hotmail.com,,,
たなか歯科,info@tanakashika.happy.com,,,
（医）塚本歯科医院,tsukamoto@dental.email.ne.jp,,,
やまだ歯科医院,yamadashika2007@yahoo.co.jp,,,
ふるや歯科医院,pie31@smile.ocn.ne.jp,,,
杉本歯科医院,sugimoto.sasayama@gmail.com,,,
ソノ歯科クリニック,shinya8148@outlook.jp,,,
もん歯科・こども矯正歯科クリニック,mo1985@apodent.jp,,,
辻歯科医院,tsujidc.itami@gmail.com,,,
もりた矯正歯科,info@morita-kyousei.net,,,
藤田歯科,mail＠fujitadental.ne,,,
山田歯科診療所,tadao@yamadashika-ec.com,,,
小田矯正歯科クリニック,info@135418.jp,,,
早田歯科医院,info@hayatashika.com,,,
平井歯科クリニック,ourhope@hiraishika.com,,,
菅原歯科クリニック,info@sugasika.com,,,
医療法人社団コイケ歯科医院,info@asagiri-implant.com,,,
