company_name,website,address,source_url,collected_at
損保ジャパンパートナーズ株式会社,https://www.sjpt.co.jp,,https://tenshoku.mynavi.jp/jobinfo-288677-1-37-1/,2026-02-26 22:09:40
SBCメディカルグループホールディングス合同募集,https://www.sbc-recruit.com/promotion_planner/,,https://tenshoku.mynavi.jp/jobinfo-393232-1-48-1/,2026-02-26 22:09:59
株式会社ヤマダホームズ,https://www.yamadahomes.co.jp/recruit/,,https://tenshoku.mynavi.jp/jobinfo-313243-1-29-1/,2026-02-26 22:11:13
楽天トータルソリューションズ株式会社,https://total-solutions.rakuten.co.jp/,,https://tenshoku.mynavi.jp/jobinfo-447975-1-1-1/,2026-02-26 22:11:33
アクティオ株式会社,https://www.actio.co.jp/,,https://tenshoku.mynavi.jp/jobinfo-147179-1-31-1/,2026-02-26 22:12:02
株式会社JR東日本クロスステーション,https://www.jr-cross.co.jp/,,https://tenshoku.mynavi.jp/jobinfo-370030-1-18-1/,2026-02-26 22:12:56
株式会社ツリーベル,https://www.treebell.co.jp/,,https://tenshoku.mynavi.jp/jobinfo-147768-1-46-1/,2026-02-26 22:13:16
AKKODiSコンサルティング株式会社,https://www.akkodis.com/ja,,https://tenshoku.mynavi.jp/jobinfo-106763-1-125-1/,2026-02-26 22:13:45
株式会社オオゼキ,http://www.ozeki-net.co.jp,,https://tenshoku.mynavi.jp/jobinfo-136085-1-22-1/,2026-02-26 22:14:12
恵比寿化成株式会社,https://www.ebisu-chemical.co.jp/,,https://tenshoku.mynavi.jp/jobinfo-452354-1-1-1/,2026-02-26 22:14:35
株式会社テレコム,https://www.telcom-net.co.jp/,,https://tenshoku.mynavi.jp/jobinfo-402460-1-3-1/,2026-02-26 22:15:13
株式会社ネクステージ,http://www.nextage.jp/recruit,,https://tenshoku.mynavi.jp/jobinfo-90887-1-803-1/,2026-02-26 22:15:46
損害保険ジャパン株式会社,https://www.sompo-japan.co.jp/,,https://tenshoku.mynavi.jp/jobinfo-153362-1-172-1/,2026-02-26 22:16:05
株式会社リクルートスタッフィング,https://www.r-staffing.co.jp/corporate/data.html?vos=rscsgcwhplmntgx_01,,https://tenshoku.mynavi.jp/jobinfo-170601-1-573-1/,2026-02-26 22:16:18
CLINKS株式会社,https://recruit.clinks.jp/,,https://tenshoku.mynavi.jp/jobinfo-271461-1-115-1/,2026-02-26 22:16:48
株式会社テクノプロ・コンストラクション,https://www.technopro-construction.com/,,https://tenshoku.mynavi.jp/jobinfo-310119-1-69-1/,2026-02-26 22:17:00
ユースタイルラボラトリー株式会社,http://eustylelab.co.jp/,,https://tenshoku.mynavi.jp/jobinfo-242750-1-67-1/,2026-02-26 22:17:37
金大電子産業株式会社,http://www.kindaidensi.co.jp/,,https://tenshoku.mynavi.jp/jobinfo-216045-1-2-1/,2026-02-26 22:18:22
株式会社長谷工アーベスト,https://www.haseko-urbest.com/,,https://tenshoku.mynavi.jp/jobinfo-445541-1-2-1/,2026-02-26 22:19:11
日本管財株式会社,https://www.nkanzai.co.jp/,,https://tenshoku.mynavi.jp/jobinfo-250740-1-34-1/,2026-02-26 22:19:53
株式会社アミューズワークス,https://www.amuseworks.net/index.html,,https://tenshoku.mynavi.jp/jobinfo-452707-1-2-1/,2026-02-26 22:20:23
株式会社グリーンキャブ,https://www.greencab-nikkotaxi.jp/,,https://tenshoku.mynavi.jp/jobinfo-437294-1-3-1/,2026-02-26 22:21:06
株式会社Gizumo,https://careers.gizumo-inc.jp/,,https://tenshoku.mynavi.jp/jobinfo-160957-1-45-1/,2026-02-26 22:21:29
株式会社スタッフサービス,http://www.022022.net/company/,,https://tenshoku.mynavi.jp/jobinfo-154935-1-210-3/,2026-02-26 22:22:30
株式会社アドパック,http://www.capseal.jp/index.html,,https://tenshoku.mynavi.jp/jobinfo-400241-1-3-1/,2026-02-26 22:23:10
ステアリテール株式会社,https://www.steeretail.com,,https://tenshoku.mynavi.jp/jobinfo-443615-1-5-1/,2026-02-26 22:24:07
ビーグッド株式会社,https://b-good.jp/,,https://tenshoku.mynavi.jp/jobinfo-255169-1-1-1/,2026-02-26 22:24:27
中京綜合警備保障株式会社,https://alsokc.com/,,https://tenshoku.mynavi.jp/jobinfo-349363-1-8-1/,2026-02-26 22:25:03
株式会社貴順,http://butsuryu.asia/,,https://tenshoku.mynavi.jp/jobinfo-249528-1-83-1/,2026-02-26 22:25:25
株式会社ジェイファスト,https://www.j-fast.co.jp/,,https://tenshoku.mynavi.jp/jobinfo-216394-1-17-1/,2026-02-26 22:25:40
テクノスクエア株式会社,http://www.tecsq.co.jp/,,https://tenshoku.mynavi.jp/jobinfo-435743-1-1-1/,2026-02-26 22:26:21
株式会社メイワスカイサポート,http://www.meiwa-skys.co.jp/,,https://tenshoku.mynavi.jp/jobinfo-134435-1-42-1/,2026-02-26 22:26:39
東京空港交通株式会社,https://www.limousinebus.co.jp/,,https://tenshoku.mynavi.jp/jobinfo-92732-1-46-1/,2026-02-26 22:27:15
キャンバスエッジ株式会社,https://canvasedge.co.jp/,,https://tenshoku.mynavi.jp/jobinfo-383555-1-11-1/,2026-02-26 22:27:56
首都高ETCメンテナンス株式会社,https://www.shutoko-etcm.jp/,,https://tenshoku.mynavi.jp/jobinfo-121122-1-9-1/,2026-02-26 22:28:10
株式会社アール・イー・エム,https://www.re-m.co.jp,,https://tenshoku.mynavi.jp/jobinfo-243681-1-2-1/,2026-02-26 22:28:34
